--------------------------------------------------------
--  File created - Thursday-August-09-2012   
--------------------------------------------------------
--------------------------------------------------------
--  DDL for Sequence COLONNE_SEQ
--------------------------------------------------------

   CREATE SEQUENCE  "DB_ETL"."COLONNE_SEQ"  MINVALUE 1 MAXVALUE 999999999999999999999999999 INCREMENT BY 1 START WITH 1121 CACHE 20 NOORDER  NOCYCLE ;
--------------------------------------------------------
--  DDL for Sequence CONFIGURATION_SEQ
--------------------------------------------------------

   CREATE SEQUENCE  "DB_ETL"."CONFIGURATION_SEQ"  MINVALUE 1 MAXVALUE 999999999999999999999999999 INCREMENT BY 1 START WITH 81 CACHE 20 NOORDER  NOCYCLE ;
--------------------------------------------------------
--  DDL for Sequence CONNEXIONBD_ID_SEQ
--------------------------------------------------------

   CREATE SEQUENCE  "DB_ETL"."CONNEXIONBD_ID_SEQ"  MINVALUE 1 MAXVALUE 999999999999999999999999999 INCREMENT BY 1 START WITH 1 CACHE 20 NOORDER  NOCYCLE ;
--------------------------------------------------------
--  DDL for Sequence CONNEXION_BD_SEQ
--------------------------------------------------------

   CREATE SEQUENCE  "DB_ETL"."CONNEXION_BD_SEQ"  MINVALUE 1 MAXVALUE 999999999999999999999999999 INCREMENT BY 1 START WITH 101 CACHE 20 NOORDER  NOCYCLE ;
--------------------------------------------------------
--  DDL for Sequence CONNEXION_FTP_SEQ
--------------------------------------------------------

   CREATE SEQUENCE  "DB_ETL"."CONNEXION_FTP_SEQ"  MINVALUE 1 MAXVALUE 999999999999999999999999999 INCREMENT BY 1 START WITH 21 CACHE 20 NOORDER  NOCYCLE ;
--------------------------------------------------------
--  DDL for Sequence CORRECTION_SEQ
--------------------------------------------------------

   CREATE SEQUENCE  "DB_ETL"."CORRECTION_SEQ"  MINVALUE 1 MAXVALUE 999999999999999999999999999 INCREMENT BY 1 START WITH 1 CACHE 20 NOORDER  NOCYCLE ;
--------------------------------------------------------
--  DDL for Sequence DIALECT_SEQ
--------------------------------------------------------

   CREATE SEQUENCE  "DB_ETL"."DIALECT_SEQ"  MINVALUE 1 MAXVALUE 999999999999999999999999999 INCREMENT BY 1 START WITH 1 CACHE 20 NOORDER  NOCYCLE ;
--------------------------------------------------------
--  DDL for Sequence DROIT_SEQ
--------------------------------------------------------

   CREATE SEQUENCE  "DB_ETL"."DROIT_SEQ"  MINVALUE 1 MAXVALUE 999999999999999999999999999 INCREMENT BY 1 START WITH 1 CACHE 20 NOORDER  NOCYCLE ;
--------------------------------------------------------
--  DDL for Sequence DROIT_SYSTEME_SEQ
--------------------------------------------------------

   CREATE SEQUENCE  "DB_ETL"."DROIT_SYSTEME_SEQ"  MINVALUE 1 MAXVALUE 999999999999999999999999999 INCREMENT BY 1 START WITH 1 CACHE 20 NOORDER  NOCYCLE ;
--------------------------------------------------------
--  DDL for Sequence DROIT_UTILISATEUR_SEQ
--------------------------------------------------------

   CREATE SEQUENCE  "DB_ETL"."DROIT_UTILISATEUR_SEQ"  MINVALUE 1 MAXVALUE 999999999999999999999999999 INCREMENT BY 1 START WITH 21 CACHE 20 NOORDER  NOCYCLE ;
--------------------------------------------------------
--  DDL for Sequence ERREUR_SEQ
--------------------------------------------------------

   CREATE SEQUENCE  "DB_ETL"."ERREUR_SEQ"  MINVALUE 1 MAXVALUE 999999999999999999999999999 INCREMENT BY 1 START WITH 1 CACHE 20 NOORDER  NOCYCLE ;
--------------------------------------------------------
--  DDL for Sequence FICHIER_SEQ
--------------------------------------------------------

   CREATE SEQUENCE  "DB_ETL"."FICHIER_SEQ"  MINVALUE 1 MAXVALUE 999999999999999999999999999 INCREMENT BY 1 START WITH 1 CACHE 20 NOORDER  NOCYCLE ;
--------------------------------------------------------
--  DDL for Sequence MY_ENTITY_SEQ
--------------------------------------------------------

   CREATE SEQUENCE  "DB_ETL"."MY_ENTITY_SEQ"  MINVALUE 1 MAXVALUE 999999999999999999999999999 INCREMENT BY 1 START WITH 21 CACHE 20 NOORDER  NOCYCLE ;
--------------------------------------------------------
--  DDL for Sequence PARAMETRES_SEQ
--------------------------------------------------------

   CREATE SEQUENCE  "DB_ETL"."PARAMETRES_SEQ"  MINVALUE 1 MAXVALUE 999999999999999999999999999 INCREMENT BY 1 START WITH 1 CACHE 20 NOORDER  NOCYCLE ;
--------------------------------------------------------
--  DDL for Sequence PARAMETRE_APPLICATION_SEQ
--------------------------------------------------------

   CREATE SEQUENCE  "DB_ETL"."PARAMETRE_APPLICATION_SEQ"  MINVALUE 1 MAXVALUE 999999999999999999999999999 INCREMENT BY 1 START WITH 1 CACHE 20 NOORDER  NOCYCLE ;
--------------------------------------------------------
--  DDL for Sequence POLITIQUE_SUBSTITUSION_SEQ
--------------------------------------------------------

   CREATE SEQUENCE  "DB_ETL"."POLITIQUE_SUBSTITUSION_SEQ"  MINVALUE 1 MAXVALUE 999999999999999999999999999 INCREMENT BY 1 START WITH 1 CACHE 20 NOORDER  NOCYCLE ;
--------------------------------------------------------
--  DDL for Sequence SAUVEGUARDE_TABLE_SEQ
--------------------------------------------------------

   CREATE SEQUENCE  "DB_ETL"."SAUVEGUARDE_TABLE_SEQ"  MINVALUE 1 MAXVALUE 999999999999999999999999999 INCREMENT BY 1 START WITH 1 CACHE 20 NOORDER  NOCYCLE ;
--------------------------------------------------------
--  DDL for Sequence SELECTIONPARINTERVALLE_SEQ
--------------------------------------------------------

   CREATE SEQUENCE  "DB_ETL"."SELECTIONPARINTERVALLE_SEQ"  MINVALUE 1 MAXVALUE 999999999999999999999999999 INCREMENT BY 1 START WITH 21 CACHE 20 NOORDER  NOCYCLE ;
--------------------------------------------------------
--  DDL for Sequence SELECTION_PAR_INTERVALLE_SEQ
--------------------------------------------------------

   CREATE SEQUENCE  "DB_ETL"."SELECTION_PAR_INTERVALLE_SEQ"  MINVALUE 1 MAXVALUE 999999999999999999999999999 INCREMENT BY 1 START WITH 161 CACHE 20 NOORDER  NOCYCLE ;
--------------------------------------------------------
--  DDL for Sequence SGBD_SEQ
--------------------------------------------------------

   CREATE SEQUENCE  "DB_ETL"."SGBD_SEQ"  MINVALUE 1 MAXVALUE 999999999999999999999999999 INCREMENT BY 1 START WITH 1 CACHE 20 NOORDER  NOCYCLE ;
--------------------------------------------------------
--  DDL for Sequence STRUCTURE_DONNEES_SEQ
--------------------------------------------------------

   CREATE SEQUENCE  "DB_ETL"."STRUCTURE_DONNEES_SEQ"  MINVALUE 1 MAXVALUE 999999999999999999999999999 INCREMENT BY 1 START WITH 221 CACHE 20 NOORDER  NOCYCLE ;
--------------------------------------------------------
--  DDL for Sequence TABLE_BD_SEQ
--------------------------------------------------------

   CREATE SEQUENCE  "DB_ETL"."TABLE_BD_SEQ"  MINVALUE 1 MAXVALUE 999999999999999999999999999 INCREMENT BY 1 START WITH 1 CACHE 20 NOORDER  NOCYCLE ;
--------------------------------------------------------
--  DDL for Sequence UTILISATEUR_SEQ
--------------------------------------------------------

   CREATE SEQUENCE  "DB_ETL"."UTILISATEUR_SEQ"  MINVALUE 1 MAXVALUE 999999999999999999999999999 INCREMENT BY 1 START WITH 101 CACHE 20 NOORDER  NOCYCLE ;
--------------------------------------------------------
--  DDL for Table COLONNE
--------------------------------------------------------

  CREATE TABLE "DB_ETL"."COLONNE" 
   (	"ID_COLONNE" NUMBER(*,0), 
	"NOM" VARCHAR2(45 BYTE), 
	"TYPE_DONNEES" NUMBER, 
	"LONGUEUR" NUMBER(*,0), 
	"VALEUR_MIN" NUMBER(*,0), 
	"VALEUR_MAX" NUMBER(*,0), 
	"VALEUR_PAR_DEFAUT" VARCHAR2(45 BYTE), 
	"ORDRE_DANS_FICHIER" NUMBER(*,0), 
	"NULLABLE" NUMBER, 
	"CLE_PRIMAIRE" NUMBER, 
	"ID_STRUCTURE_DONNEES" NUMBER(*,0), 
	"ID_COLONNE_REFRENCE" NUMBER(*,0), 
	"ID_POL_SUBSTITUSION" NUMBER(*,0)
   ) PCTFREE 10 PCTUSED 40 INITRANS 1 MAXTRANS 255 NOCOMPRESS LOGGING
  STORAGE(INITIAL 65536 NEXT 1048576 MINEXTENTS 1 MAXEXTENTS 2147483645
  PCTINCREASE 0 FREELISTS 1 FREELIST GROUPS 1 BUFFER_POOL DEFAULT)
  TABLESPACE "USERS" ;
--------------------------------------------------------
--  DDL for Table CONFIGURATION
--------------------------------------------------------

  CREATE TABLE "DB_ETL"."CONFIGURATION" 
   (	"ID_CONFIGURATION" NUMBER, 
	"NOM" VARCHAR2(20 BYTE), 
	"ENCODAGE_DE_CARACTERE" NUMBER, 
	"SEPARATEUR_DE_COLONNE" CHAR(1 BYTE), 
	"CARACTERE_ECHAPPEMENT" CHAR(1 BYTE), 
	"IGNORER_LIGNES_VIDES" NUMBER, 
	"UTILISER_NOM_PREMIERE_LIGNE" NUMBER, 
	"NB_LIGNES_A_LIMITER" NUMBER, 
	"TAILLE_BLOC_CHARGER_MEMOIRE" NUMBER
   ) PCTFREE 10 PCTUSED 40 INITRANS 1 MAXTRANS 255 NOCOMPRESS LOGGING
  STORAGE(INITIAL 65536 NEXT 1048576 MINEXTENTS 1 MAXEXTENTS 2147483645
  PCTINCREASE 0 FREELISTS 1 FREELIST GROUPS 1 BUFFER_POOL DEFAULT)
  TABLESPACE "USERS" ;
--------------------------------------------------------
--  DDL for Table CONNEXION_BD
--------------------------------------------------------

  CREATE TABLE "DB_ETL"."CONNEXION_BD" 
   (	"ID_CONNEXION_BD" NUMBER, 
	"NOM_CONNEXION_BD" VARCHAR2(20 BYTE), 
	"NOM_BASE_DONNEES" VARCHAR2(20 BYTE), 
	"NOM_UTILISATEUR" VARCHAR2(20 BYTE), 
	"MOT_DE_PASSE" VARCHAR2(20 BYTE), 
	"URL_CONNEXION" VARCHAR2(250 BYTE), 
	"ID_SGBD" NUMBER
   ) PCTFREE 10 PCTUSED 40 INITRANS 1 MAXTRANS 255 NOCOMPRESS LOGGING
  STORAGE(INITIAL 65536 NEXT 1048576 MINEXTENTS 1 MAXEXTENTS 2147483645
  PCTINCREASE 0 FREELISTS 1 FREELIST GROUPS 1 BUFFER_POOL DEFAULT)
  TABLESPACE "USERS" ;
--------------------------------------------------------
--  DDL for Table CONNEXION_FTP
--------------------------------------------------------

  CREATE TABLE "DB_ETL"."CONNEXION_FTP" 
   (	"ID" NUMBER, 
	"NOM_CONNEXION_FTP" VARCHAR2(20 BYTE), 
	"ADRESSE_SERVEUR_FTP" VARCHAR2(20 BYTE), 
	"NOM_UTILISATEUR" VARCHAR2(20 BYTE), 
	"MOT_DE_PASSE" VARCHAR2(20 BYTE), 
	"NUMERO_PORT" NUMBER
   ) PCTFREE 10 PCTUSED 40 INITRANS 1 MAXTRANS 255 NOCOMPRESS LOGGING
  STORAGE(INITIAL 65536 NEXT 1048576 MINEXTENTS 1 MAXEXTENTS 2147483645
  PCTINCREASE 0 FREELISTS 1 FREELIST GROUPS 1 BUFFER_POOL DEFAULT)
  TABLESPACE "USERS" ;
--------------------------------------------------------
--  DDL for Table CORRECTION
--------------------------------------------------------

  CREATE TABLE "DB_ETL"."CORRECTION" 
   (	"ID_CORRECTION" NUMBER(*,0), 
	"DATE_HEURE_CORRECTION" DATE
   ) PCTFREE 10 PCTUSED 40 INITRANS 1 MAXTRANS 255 NOCOMPRESS LOGGING
  STORAGE(INITIAL 65536 NEXT 1048576 MINEXTENTS 1 MAXEXTENTS 2147483645
  PCTINCREASE 0 FREELISTS 1 FREELIST GROUPS 1 BUFFER_POOL DEFAULT)
  TABLESPACE "USERS" ;
--------------------------------------------------------
--  DDL for Table DROIT_SYSTEME
--------------------------------------------------------

  CREATE TABLE "DB_ETL"."DROIT_SYSTEME" 
   (	"ID_DROIT_SYSTEME" NUMBER, 
	"ROLE" VARCHAR2(100 BYTE), 
	"LABEL" VARCHAR2(250 BYTE)
   ) PCTFREE 10 PCTUSED 40 INITRANS 1 MAXTRANS 255 NOCOMPRESS LOGGING
  STORAGE(INITIAL 65536 NEXT 1048576 MINEXTENTS 1 MAXEXTENTS 2147483645
  PCTINCREASE 0 FREELISTS 1 FREELIST GROUPS 1 BUFFER_POOL DEFAULT)
  TABLESPACE "USERS" ;
--------------------------------------------------------
--  DDL for Table DROIT_UTILISATEUR
--------------------------------------------------------

  CREATE TABLE "DB_ETL"."DROIT_UTILISATEUR" 
   (	"ID_DROIT_UTILISATEUR" NUMBER, 
	"LABEL" VARCHAR2(250 BYTE)
   ) PCTFREE 10 PCTUSED 40 INITRANS 1 MAXTRANS 255 NOCOMPRESS LOGGING
  STORAGE(INITIAL 65536 NEXT 1048576 MINEXTENTS 1 MAXEXTENTS 2147483645
  PCTINCREASE 0 FREELISTS 1 FREELIST GROUPS 1 BUFFER_POOL DEFAULT)
  TABLESPACE "USERS" ;
--------------------------------------------------------
--  DDL for Table DROIT_UTILISATEUR_SYSTEME
--------------------------------------------------------

  CREATE TABLE "DB_ETL"."DROIT_UTILISATEUR_SYSTEME" 
   (	"ID_DROIT_UTILSATEUR" NUMBER, 
	"ID_DROIT_SYSTEME" NUMBER
   ) PCTFREE 10 PCTUSED 40 INITRANS 1 MAXTRANS 255 NOCOMPRESS LOGGING
  STORAGE(INITIAL 65536 NEXT 1048576 MINEXTENTS 1 MAXEXTENTS 2147483645
  PCTINCREASE 0 FREELISTS 1 FREELIST GROUPS 1 BUFFER_POOL DEFAULT)
  TABLESPACE "USERS" ;
--------------------------------------------------------
--  DDL for Table ERREUR
--------------------------------------------------------

  CREATE TABLE "DB_ETL"."ERREUR" 
   (	"ID_ERREUR" NUMBER(*,0), 
	"NUM_LIGNE" NUMBER(*,0), 
	"NUM_COLONNE" NUMBER(*,0), 
	"TYPE" VARCHAR2(45 BYTE), 
	"ID_FICHIER" NUMBER(*,0), 
	"ID_CORRECTION" NUMBER(*,0)
   ) PCTFREE 10 PCTUSED 40 INITRANS 1 MAXTRANS 255 NOCOMPRESS LOGGING
  STORAGE(INITIAL 65536 NEXT 1048576 MINEXTENTS 1 MAXEXTENTS 2147483645
  PCTINCREASE 0 FREELISTS 1 FREELIST GROUPS 1 BUFFER_POOL DEFAULT)
  TABLESPACE "USERS" ;
--------------------------------------------------------
--  DDL for Table FICHIER
--------------------------------------------------------

  CREATE TABLE "DB_ETL"."FICHIER" 
   (	"ID_FICHIER" NUMBER(*,0), 
	"NOM" VARCHAR2(45 BYTE), 
	"CHEMIN" VARCHAR2(260 BYTE)
   ) PCTFREE 10 PCTUSED 40 INITRANS 1 MAXTRANS 255 NOCOMPRESS LOGGING
  STORAGE(INITIAL 65536 NEXT 1048576 MINEXTENTS 1 MAXEXTENTS 2147483645
  PCTINCREASE 0 FREELISTS 1 FREELIST GROUPS 1 BUFFER_POOL DEFAULT)
  TABLESPACE "USERS" ;
--------------------------------------------------------
--  DDL for Table PARAMETRES
--------------------------------------------------------

  CREATE TABLE "DB_ETL"."PARAMETRES" 
   (	"ID" NUMBER, 
	"NOM" VARCHAR2(20 BYTE), 
	"LABEL" VARCHAR2(20 BYTE), 
	"VALEUR" NUMBER
   ) PCTFREE 10 PCTUSED 40 INITRANS 1 MAXTRANS 255 NOCOMPRESS LOGGING
  STORAGE(INITIAL 65536 NEXT 1048576 MINEXTENTS 1 MAXEXTENTS 2147483645
  PCTINCREASE 0 FREELISTS 1 FREELIST GROUPS 1 BUFFER_POOL DEFAULT)
  TABLESPACE "USERS" ;
--------------------------------------------------------
--  DDL for Table PARAMETRE_APPLICATION
--------------------------------------------------------

  CREATE TABLE "DB_ETL"."PARAMETRE_APPLICATION" 
   (	"ID_PARAMETRE_APPLICATION" NUMBER(*,0), 
	"TAILLE_HISTORIQUE_MEMOIRE" NUMBER(*,0)
   ) PCTFREE 10 PCTUSED 40 INITRANS 1 MAXTRANS 255 NOCOMPRESS LOGGING
  STORAGE(INITIAL 65536 NEXT 1048576 MINEXTENTS 1 MAXEXTENTS 2147483645
  PCTINCREASE 0 FREELISTS 1 FREELIST GROUPS 1 BUFFER_POOL DEFAULT)
  TABLESPACE "USERS" ;
--------------------------------------------------------
--  DDL for Table POLITIQUE_SUBSTITUSION
--------------------------------------------------------

  CREATE TABLE "DB_ETL"."POLITIQUE_SUBSTITUSION" 
   (	"ID_POLITIQUE_SUBSTITUSION" NUMBER(*,0), 
	"VALEUR_ORIGINE" VARCHAR2(45 BYTE), 
	"VALEUR_NOUVEAU" VARCHAR2(45 BYTE)
   ) PCTFREE 10 PCTUSED 40 INITRANS 1 MAXTRANS 255 NOCOMPRESS LOGGING
  STORAGE(INITIAL 65536 NEXT 1048576 MINEXTENTS 1 MAXEXTENTS 2147483645
  PCTINCREASE 0 FREELISTS 1 FREELIST GROUPS 1 BUFFER_POOL DEFAULT)
  TABLESPACE "USERS" ;
--------------------------------------------------------
--  DDL for Table SAUVEGUARDE_TABLE
--------------------------------------------------------

  CREATE TABLE "DB_ETL"."SAUVEGUARDE_TABLE" 
   (	"ID_SAUVEGUARDE_TABLE" NUMBER(*,0), 
	"DATE_HEURE_SAUVEGUARDE" DATE, 
	"CHEMIN_FICHIER_SAUVEGUARDE" VARCHAR2(45 BYTE), 
	"ID_TABLE" NUMBER(*,0)
   ) PCTFREE 10 PCTUSED 40 INITRANS 1 MAXTRANS 255 NOCOMPRESS LOGGING
  STORAGE(INITIAL 65536 NEXT 1048576 MINEXTENTS 1 MAXEXTENTS 2147483645
  PCTINCREASE 0 FREELISTS 1 FREELIST GROUPS 1 BUFFER_POOL DEFAULT)
  TABLESPACE "USERS" ;
--------------------------------------------------------
--  DDL for Table SELECTION_PAR_INTERVALLE
--------------------------------------------------------

  CREATE TABLE "DB_ETL"."SELECTION_PAR_INTERVALLE" 
   (	"ID_SELECTION" NUMBER(*,0), 
	"NUM_LIGNE_DEPART" NUMBER(*,0), 
	"NUM_LIGNE_FIN" NUMBER(*,0), 
	"ID_CONFIGURATION" NUMBER
   ) PCTFREE 10 PCTUSED 40 INITRANS 1 MAXTRANS 255 NOCOMPRESS LOGGING
  STORAGE(INITIAL 65536 NEXT 1048576 MINEXTENTS 1 MAXEXTENTS 2147483645
  PCTINCREASE 0 FREELISTS 1 FREELIST GROUPS 1 BUFFER_POOL DEFAULT)
  TABLESPACE "USERS" ;
--------------------------------------------------------
--  DDL for Table SGBD
--------------------------------------------------------

  CREATE TABLE "DB_ETL"."SGBD" 
   (	"ID_SGBD" NUMBER(*,0), 
	"TYPE" VARCHAR2(45 BYTE), 
	"DRIVER_CLASS_NAME" VARCHAR2(260 BYTE), 
	"FICHIER_DRIVER_JAR" VARCHAR2(260 CHAR)
   ) PCTFREE 10 PCTUSED 40 INITRANS 1 MAXTRANS 255 NOCOMPRESS LOGGING
  STORAGE(INITIAL 65536 NEXT 1048576 MINEXTENTS 1 MAXEXTENTS 2147483645
  PCTINCREASE 0 FREELISTS 1 FREELIST GROUPS 1 BUFFER_POOL DEFAULT)
  TABLESPACE "USERS" ;
--------------------------------------------------------
--  DDL for Table STRUCTURE_DONNEES
--------------------------------------------------------

  CREATE TABLE "DB_ETL"."STRUCTURE_DONNEES" 
   (	"ID_STRUCTURE_DONNEES" NUMBER(*,0), 
	"NOM" VARCHAR2(45 BYTE)
   ) PCTFREE 10 PCTUSED 40 INITRANS 1 MAXTRANS 255 NOCOMPRESS LOGGING
  STORAGE(INITIAL 65536 NEXT 1048576 MINEXTENTS 1 MAXEXTENTS 2147483645
  PCTINCREASE 0 FREELISTS 1 FREELIST GROUPS 1 BUFFER_POOL DEFAULT)
  TABLESPACE "USERS" ;
--------------------------------------------------------
--  DDL for Table TABLE_BD
--------------------------------------------------------

  CREATE TABLE "DB_ETL"."TABLE_BD" 
   (	"ID_TABLE" NUMBER(*,0), 
	"NOM" VARCHAR2(45 BYTE), 
	"ID_CONNEXION_BD" NUMBER(*,0), 
	"ID_STRUCTURE_DONNEES" NUMBER(*,0)
   ) PCTFREE 10 PCTUSED 40 INITRANS 1 MAXTRANS 255 NOCOMPRESS LOGGING
  STORAGE(INITIAL 65536 NEXT 1048576 MINEXTENTS 1 MAXEXTENTS 2147483645
  PCTINCREASE 0 FREELISTS 1 FREELIST GROUPS 1 BUFFER_POOL DEFAULT)
  TABLESPACE "USERS" ;
--------------------------------------------------------
--  DDL for Table UTILISATEUR
--------------------------------------------------------

  CREATE TABLE "DB_ETL"."UTILISATEUR" 
   (	"ID_UTILISATEUR" NUMBER(*,0), 
	"NOM" VARCHAR2(45 BYTE), 
	"PRENOM" VARCHAR2(45 BYTE), 
	"LOGIN" VARCHAR2(45 BYTE), 
	"MOT_DE_PASSE" VARCHAR2(45 BYTE)
   ) PCTFREE 10 PCTUSED 40 INITRANS 1 MAXTRANS 255 NOCOMPRESS LOGGING
  STORAGE(INITIAL 65536 NEXT 1048576 MINEXTENTS 1 MAXEXTENTS 2147483645
  PCTINCREASE 0 FREELISTS 1 FREELIST GROUPS 1 BUFFER_POOL DEFAULT)
  TABLESPACE "USERS" ;
--------------------------------------------------------
--  DDL for Table UTILISATEUR_DROIT
--------------------------------------------------------

  CREATE TABLE "DB_ETL"."UTILISATEUR_DROIT" 
   (	"UTILISATEUR_ID_UTILISATEUR" NUMBER, 
	"DROITS_ID_DROITS" NUMBER
   ) PCTFREE 10 PCTUSED 40 INITRANS 1 MAXTRANS 255 NOCOMPRESS LOGGING
  STORAGE(INITIAL 65536 NEXT 1048576 MINEXTENTS 1 MAXEXTENTS 2147483645
  PCTINCREASE 0 FREELISTS 1 FREELIST GROUPS 1 BUFFER_POOL DEFAULT)
  TABLESPACE "USERS" ;
REM INSERTING into DB_ETL.COLONNE
SET DEFINE OFF;
Insert into DB_ETL.COLONNE (ID_COLONNE,NOM,TYPE_DONNEES,LONGUEUR,VALEUR_MIN,VALEUR_MAX,VALEUR_PAR_DEFAUT,ORDRE_DANS_FICHIER,NULLABLE,CLE_PRIMAIRE,ID_STRUCTURE_DONNEES,ID_COLONNE_REFRENCE,ID_POL_SUBSTITUSION) values (1046,'President ',6,10,null,null,null,2,0,0,161,null,null);
Insert into DB_ETL.COLONNE (ID_COLONNE,NOM,TYPE_DONNEES,LONGUEUR,VALEUR_MIN,VALEUR_MAX,VALEUR_PAR_DEFAUT,ORDRE_DANS_FICHIER,NULLABLE,CLE_PRIMAIRE,ID_STRUCTURE_DONNEES,ID_COLONNE_REFRENCE,ID_POL_SUBSTITUSION) values (1047,'Took office ',1,12,null,null,null,4,1,0,161,null,null);
Insert into DB_ETL.COLONNE (ID_COLONNE,NOM,TYPE_DONNEES,LONGUEUR,VALEUR_MIN,VALEUR_MAX,VALEUR_PAR_DEFAUT,ORDRE_DANS_FICHIER,NULLABLE,CLE_PRIMAIRE,ID_STRUCTURE_DONNEES,ID_COLONNE_REFRENCE,ID_POL_SUBSTITUSION) values (1048,'Left office ',1,12,null,null,null,5,1,0,161,null,null);
Insert into DB_ETL.COLONNE (ID_COLONNE,NOM,TYPE_DONNEES,LONGUEUR,VALEUR_MIN,VALEUR_MAX,VALEUR_PAR_DEFAUT,ORDRE_DANS_FICHIER,NULLABLE,CLE_PRIMAIRE,ID_STRUCTURE_DONNEES,ID_COLONNE_REFRENCE,ID_POL_SUBSTITUSION) values (1049,'Party ',1,6,null,null,null,6,1,0,161,null,null);
Insert into DB_ETL.COLONNE (ID_COLONNE,NOM,TYPE_DONNEES,LONGUEUR,VALEUR_MIN,VALEUR_MAX,VALEUR_PAR_DEFAUT,ORDRE_DANS_FICHIER,NULLABLE,CLE_PRIMAIRE,ID_STRUCTURE_DONNEES,ID_COLONNE_REFRENCE,ID_POL_SUBSTITUSION) values (1050,'Portrait',1,8,null,null,null,7,1,0,161,null,null);
Insert into DB_ETL.COLONNE (ID_COLONNE,NOM,TYPE_DONNEES,LONGUEUR,VALEUR_MIN,VALEUR_MAX,VALEUR_PAR_DEFAUT,ORDRE_DANS_FICHIER,NULLABLE,CLE_PRIMAIRE,ID_STRUCTURE_DONNEES,ID_COLONNE_REFRENCE,ID_POL_SUBSTITUSION) values (1051,'Thumbnail',1,9,null,null,null,8,1,0,161,null,null);
Insert into DB_ETL.COLONNE (ID_COLONNE,NOM,TYPE_DONNEES,LONGUEUR,VALEUR_MIN,VALEUR_MAX,VALEUR_PAR_DEFAUT,ORDRE_DANS_FICHIER,NULLABLE,CLE_PRIMAIRE,ID_STRUCTURE_DONNEES,ID_COLONNE_REFRENCE,ID_POL_SUBSTITUSION) values (1102,'Presidency ',6,null,null,null,null,1,0,1,201,null,null);
Insert into DB_ETL.COLONNE (ID_COLONNE,NOM,TYPE_DONNEES,LONGUEUR,VALEUR_MIN,VALEUR_MAX,VALEUR_PAR_DEFAUT,ORDRE_DANS_FICHIER,NULLABLE,CLE_PRIMAIRE,ID_STRUCTURE_DONNEES,ID_COLONNE_REFRENCE,ID_POL_SUBSTITUSION) values (1103,'President ',1,40,null,null,null,2,1,0,201,null,null);
Insert into DB_ETL.COLONNE (ID_COLONNE,NOM,TYPE_DONNEES,LONGUEUR,VALEUR_MIN,VALEUR_MAX,VALEUR_PAR_DEFAUT,ORDRE_DANS_FICHIER,NULLABLE,CLE_PRIMAIRE,ID_STRUCTURE_DONNEES,ID_COLONNE_REFRENCE,ID_POL_SUBSTITUSION) values (1104,'Wikipedia Entry',1,60,null,null,null,3,1,0,201,null,null);
Insert into DB_ETL.COLONNE (ID_COLONNE,NOM,TYPE_DONNEES,LONGUEUR,VALEUR_MIN,VALEUR_MAX,VALEUR_PAR_DEFAUT,ORDRE_DANS_FICHIER,NULLABLE,CLE_PRIMAIRE,ID_STRUCTURE_DONNEES,ID_COLONNE_REFRENCE,ID_POL_SUBSTITUSION) values (1105,'Took office ',1,40,null,null,null,4,1,0,201,null,null);
Insert into DB_ETL.COLONNE (ID_COLONNE,NOM,TYPE_DONNEES,LONGUEUR,VALEUR_MIN,VALEUR_MAX,VALEUR_PAR_DEFAUT,ORDRE_DANS_FICHIER,NULLABLE,CLE_PRIMAIRE,ID_STRUCTURE_DONNEES,ID_COLONNE_REFRENCE,ID_POL_SUBSTITUSION) values (1106,'Left office ',1,40,null,null,null,5,1,0,201,null,null);
Insert into DB_ETL.COLONNE (ID_COLONNE,NOM,TYPE_DONNEES,LONGUEUR,VALEUR_MIN,VALEUR_MAX,VALEUR_PAR_DEFAUT,ORDRE_DANS_FICHIER,NULLABLE,CLE_PRIMAIRE,ID_STRUCTURE_DONNEES,ID_COLONNE_REFRENCE,ID_POL_SUBSTITUSION) values (1107,'Party ',1,40,null,null,null,6,1,0,201,null,null);
Insert into DB_ETL.COLONNE (ID_COLONNE,NOM,TYPE_DONNEES,LONGUEUR,VALEUR_MIN,VALEUR_MAX,VALEUR_PAR_DEFAUT,ORDRE_DANS_FICHIER,NULLABLE,CLE_PRIMAIRE,ID_STRUCTURE_DONNEES,ID_COLONNE_REFRENCE,ID_POL_SUBSTITUSION) values (1108,'Portrait',1,40,null,null,null,7,1,0,201,null,null);
Insert into DB_ETL.COLONNE (ID_COLONNE,NOM,TYPE_DONNEES,LONGUEUR,VALEUR_MIN,VALEUR_MAX,VALEUR_PAR_DEFAUT,ORDRE_DANS_FICHIER,NULLABLE,CLE_PRIMAIRE,ID_STRUCTURE_DONNEES,ID_COLONNE_REFRENCE,ID_POL_SUBSTITUSION) values (1109,'Thumbnail',1,40,null,null,null,8,1,0,201,null,null);
Insert into DB_ETL.COLONNE (ID_COLONNE,NOM,TYPE_DONNEES,LONGUEUR,VALEUR_MIN,VALEUR_MAX,VALEUR_PAR_DEFAUT,ORDRE_DANS_FICHIER,NULLABLE,CLE_PRIMAIRE,ID_STRUCTURE_DONNEES,ID_COLONNE_REFRENCE,ID_POL_SUBSTITUSION) values (1045,'Presidency ',6,11,null,null,null,1,0,1,161,null,null);
Insert into DB_ETL.COLONNE (ID_COLONNE,NOM,TYPE_DONNEES,LONGUEUR,VALEUR_MIN,VALEUR_MAX,VALEUR_PAR_DEFAUT,ORDRE_DANS_FICHIER,NULLABLE,CLE_PRIMAIRE,ID_STRUCTURE_DONNEES,ID_COLONNE_REFRENCE,ID_POL_SUBSTITUSION) values (913,'MOha STRUCTURE',1,null,null,null,null,34,0,1,124,null,null);
Insert into DB_ETL.COLONNE (ID_COLONNE,NOM,TYPE_DONNEES,LONGUEUR,VALEUR_MIN,VALEUR_MAX,VALEUR_PAR_DEFAUT,ORDRE_DANS_FICHIER,NULLABLE,CLE_PRIMAIRE,ID_STRUCTURE_DONNEES,ID_COLONNE_REFRENCE,ID_POL_SUBSTITUSION) values (914,'Presidency 00',1,110,null,null,null,2,0,0,125,null,null);
Insert into DB_ETL.COLONNE (ID_COLONNE,NOM,TYPE_DONNEES,LONGUEUR,VALEUR_MIN,VALEUR_MAX,VALEUR_PAR_DEFAUT,ORDRE_DANS_FICHIER,NULLABLE,CLE_PRIMAIRE,ID_STRUCTURE_DONNEES,ID_COLONNE_REFRENCE,ID_POL_SUBSTITUSION) values (1110,'Home State',1,40,null,null,null,9,1,0,201,null,null);
Insert into DB_ETL.COLONNE (ID_COLONNE,NOM,TYPE_DONNEES,LONGUEUR,VALEUR_MIN,VALEUR_MAX,VALEUR_PAR_DEFAUT,ORDRE_DANS_FICHIER,NULLABLE,CLE_PRIMAIRE,ID_STRUCTURE_DONNEES,ID_COLONNE_REFRENCE,ID_POL_SUBSTITUSION) values (1111,' Postal code',6,null,0,25,null,10,0,0,201,null,null);
Insert into DB_ETL.COLONNE (ID_COLONNE,NOM,TYPE_DONNEES,LONGUEUR,VALEUR_MIN,VALEUR_MAX,VALEUR_PAR_DEFAUT,ORDRE_DANS_FICHIER,NULLABLE,CLE_PRIMAIRE,ID_STRUCTURE_DONNEES,ID_COLONNE_REFRENCE,ID_POL_SUBSTITUSION) values (905,'Presidency ',6,null,null,null,null,1,0,1,123,null,null);
Insert into DB_ETL.COLONNE (ID_COLONNE,NOM,TYPE_DONNEES,LONGUEUR,VALEUR_MIN,VALEUR_MAX,VALEUR_PAR_DEFAUT,ORDRE_DANS_FICHIER,NULLABLE,CLE_PRIMAIRE,ID_STRUCTURE_DONNEES,ID_COLONNE_REFRENCE,ID_POL_SUBSTITUSION) values (906,'President ',1,10,null,null,null,2,1,0,123,null,null);
Insert into DB_ETL.COLONNE (ID_COLONNE,NOM,TYPE_DONNEES,LONGUEUR,VALEUR_MIN,VALEUR_MAX,VALEUR_PAR_DEFAUT,ORDRE_DANS_FICHIER,NULLABLE,CLE_PRIMAIRE,ID_STRUCTURE_DONNEES,ID_COLONNE_REFRENCE,ID_POL_SUBSTITUSION) values (907,'Wikipedia Entry',1,15,null,null,null,3,1,0,123,null,null);
Insert into DB_ETL.COLONNE (ID_COLONNE,NOM,TYPE_DONNEES,LONGUEUR,VALEUR_MIN,VALEUR_MAX,VALEUR_PAR_DEFAUT,ORDRE_DANS_FICHIER,NULLABLE,CLE_PRIMAIRE,ID_STRUCTURE_DONNEES,ID_COLONNE_REFRENCE,ID_POL_SUBSTITUSION) values (908,'Took office ',1,12,null,null,null,4,1,0,123,null,null);
Insert into DB_ETL.COLONNE (ID_COLONNE,NOM,TYPE_DONNEES,LONGUEUR,VALEUR_MIN,VALEUR_MAX,VALEUR_PAR_DEFAUT,ORDRE_DANS_FICHIER,NULLABLE,CLE_PRIMAIRE,ID_STRUCTURE_DONNEES,ID_COLONNE_REFRENCE,ID_POL_SUBSTITUSION) values (909,'Left office ',1,12,null,null,null,5,1,0,123,null,null);
Insert into DB_ETL.COLONNE (ID_COLONNE,NOM,TYPE_DONNEES,LONGUEUR,VALEUR_MIN,VALEUR_MAX,VALEUR_PAR_DEFAUT,ORDRE_DANS_FICHIER,NULLABLE,CLE_PRIMAIRE,ID_STRUCTURE_DONNEES,ID_COLONNE_REFRENCE,ID_POL_SUBSTITUSION) values (910,'Party ',1,6,null,null,null,6,1,0,123,null,null);
Insert into DB_ETL.COLONNE (ID_COLONNE,NOM,TYPE_DONNEES,LONGUEUR,VALEUR_MIN,VALEUR_MAX,VALEUR_PAR_DEFAUT,ORDRE_DANS_FICHIER,NULLABLE,CLE_PRIMAIRE,ID_STRUCTURE_DONNEES,ID_COLONNE_REFRENCE,ID_POL_SUBSTITUSION) values (911,'Portrait',1,8,null,null,null,7,1,0,123,null,null);
Insert into DB_ETL.COLONNE (ID_COLONNE,NOM,TYPE_DONNEES,LONGUEUR,VALEUR_MIN,VALEUR_MAX,VALEUR_PAR_DEFAUT,ORDRE_DANS_FICHIER,NULLABLE,CLE_PRIMAIRE,ID_STRUCTURE_DONNEES,ID_COLONNE_REFRENCE,ID_POL_SUBSTITUSION) values (912,'Home State',1,10,null,null,null,9,1,0,123,null,null);
Insert into DB_ETL.COLONNE (ID_COLONNE,NOM,TYPE_DONNEES,LONGUEUR,VALEUR_MIN,VALEUR_MAX,VALEUR_PAR_DEFAUT,ORDRE_DANS_FICHIER,NULLABLE,CLE_PRIMAIRE,ID_STRUCTURE_DONNEES,ID_COLONNE_REFRENCE,ID_POL_SUBSTITUSION) values (921,'Colonne 1',1,9,null,null,null,1,1,0,141,null,null);
Insert into DB_ETL.COLONNE (ID_COLONNE,NOM,TYPE_DONNEES,LONGUEUR,VALEUR_MIN,VALEUR_MAX,VALEUR_PAR_DEFAUT,ORDRE_DANS_FICHIER,NULLABLE,CLE_PRIMAIRE,ID_STRUCTURE_DONNEES,ID_COLONNE_REFRENCE,ID_POL_SUBSTITUSION) values (922,'MOha STRUCTURE',1,null,null,null,null,1,0,0,141,null,null);
Insert into DB_ETL.COLONNE (ID_COLONNE,NOM,TYPE_DONNEES,LONGUEUR,VALEUR_MIN,VALEUR_MAX,VALEUR_PAR_DEFAUT,ORDRE_DANS_FICHIER,NULLABLE,CLE_PRIMAIRE,ID_STRUCTURE_DONNEES,ID_COLONNE_REFRENCE,ID_POL_SUBSTITUSION) values (865,'contract_id',2,11,null,null,null,1,1,0,121,null,null);
Insert into DB_ETL.COLONNE (ID_COLONNE,NOM,TYPE_DONNEES,LONGUEUR,VALEUR_MIN,VALEUR_MAX,VALEUR_PAR_DEFAUT,ORDRE_DANS_FICHIER,NULLABLE,CLE_PRIMAIRE,ID_STRUCTURE_DONNEES,ID_COLONNE_REFRENCE,ID_POL_SUBSTITUSION) values (866,'seller_company_name',5,19,null,null,null,2,1,0,121,null,null);
Insert into DB_ETL.COLONNE (ID_COLONNE,NOM,TYPE_DONNEES,LONGUEUR,VALEUR_MIN,VALEUR_MAX,VALEUR_PAR_DEFAUT,ORDRE_DANS_FICHIER,NULLABLE,CLE_PRIMAIRE,ID_STRUCTURE_DONNEES,ID_COLONNE_REFRENCE,ID_POL_SUBSTITUSION) values (867,'customer_duns_number',1,20,null,null,null,4,1,0,121,null,null);
Insert into DB_ETL.COLONNE (ID_COLONNE,NOM,TYPE_DONNEES,LONGUEUR,VALEUR_MIN,VALEUR_MAX,VALEUR_PAR_DEFAUT,ORDRE_DANS_FICHIER,NULLABLE,CLE_PRIMAIRE,ID_STRUCTURE_DONNEES,ID_COLONNE_REFRENCE,ID_POL_SUBSTITUSION) values (868,'contract_affiliate',1,18,null,null,null,5,1,0,121,null,null);
Insert into DB_ETL.COLONNE (ID_COLONNE,NOM,TYPE_DONNEES,LONGUEUR,VALEUR_MIN,VALEUR_MAX,VALEUR_PAR_DEFAUT,ORDRE_DANS_FICHIER,NULLABLE,CLE_PRIMAIRE,ID_STRUCTURE_DONNEES,ID_COLONNE_REFRENCE,ID_POL_SUBSTITUSION) values (869,'FERC_tariff_reference',1,21,null,null,null,6,1,0,121,null,null);
Insert into DB_ETL.COLONNE (ID_COLONNE,NOM,TYPE_DONNEES,LONGUEUR,VALEUR_MIN,VALEUR_MAX,VALEUR_PAR_DEFAUT,ORDRE_DANS_FICHIER,NULLABLE,CLE_PRIMAIRE,ID_STRUCTURE_DONNEES,ID_COLONNE_REFRENCE,ID_POL_SUBSTITUSION) values (870,'contract_service_agreement_id',1,29,null,null,null,7,1,0,121,null,null);
Insert into DB_ETL.COLONNE (ID_COLONNE,NOM,TYPE_DONNEES,LONGUEUR,VALEUR_MIN,VALEUR_MAX,VALEUR_PAR_DEFAUT,ORDRE_DANS_FICHIER,NULLABLE,CLE_PRIMAIRE,ID_STRUCTURE_DONNEES,ID_COLONNE_REFRENCE,ID_POL_SUBSTITUSION) values (871,'contract_execution_date',1,23,null,null,null,8,1,0,121,null,null);
Insert into DB_ETL.COLONNE (ID_COLONNE,NOM,TYPE_DONNEES,LONGUEUR,VALEUR_MIN,VALEUR_MAX,VALEUR_PAR_DEFAUT,ORDRE_DANS_FICHIER,NULLABLE,CLE_PRIMAIRE,ID_STRUCTURE_DONNEES,ID_COLONNE_REFRENCE,ID_POL_SUBSTITUSION) values (872,'contract_commencement_date',1,26,null,null,null,9,1,0,121,null,null);
Insert into DB_ETL.COLONNE (ID_COLONNE,NOM,TYPE_DONNEES,LONGUEUR,VALEUR_MIN,VALEUR_MAX,VALEUR_PAR_DEFAUT,ORDRE_DANS_FICHIER,NULLABLE,CLE_PRIMAIRE,ID_STRUCTURE_DONNEES,ID_COLONNE_REFRENCE,ID_POL_SUBSTITUSION) values (873,'contract_termination_date',1,25,null,null,null,10,1,0,121,null,null);
Insert into DB_ETL.COLONNE (ID_COLONNE,NOM,TYPE_DONNEES,LONGUEUR,VALEUR_MIN,VALEUR_MAX,VALEUR_PAR_DEFAUT,ORDRE_DANS_FICHIER,NULLABLE,CLE_PRIMAIRE,ID_STRUCTURE_DONNEES,ID_COLONNE_REFRENCE,ID_POL_SUBSTITUSION) values (874,'actual_termination_date',1,23,null,null,null,11,1,0,121,null,null);
Insert into DB_ETL.COLONNE (ID_COLONNE,NOM,TYPE_DONNEES,LONGUEUR,VALEUR_MIN,VALEUR_MAX,VALEUR_PAR_DEFAUT,ORDRE_DANS_FICHIER,NULLABLE,CLE_PRIMAIRE,ID_STRUCTURE_DONNEES,ID_COLONNE_REFRENCE,ID_POL_SUBSTITUSION) values (875,'extension_provision_description',1,31,null,null,null,12,1,0,121,null,null);
Insert into DB_ETL.COLONNE (ID_COLONNE,NOM,TYPE_DONNEES,LONGUEUR,VALEUR_MIN,VALEUR_MAX,VALEUR_PAR_DEFAUT,ORDRE_DANS_FICHIER,NULLABLE,CLE_PRIMAIRE,ID_STRUCTURE_DONNEES,ID_COLONNE_REFRENCE,ID_POL_SUBSTITUSION) values (876,'class_name',1,10,null,null,null,13,1,0,121,null,null);
Insert into DB_ETL.COLONNE (ID_COLONNE,NOM,TYPE_DONNEES,LONGUEUR,VALEUR_MIN,VALEUR_MAX,VALEUR_PAR_DEFAUT,ORDRE_DANS_FICHIER,NULLABLE,CLE_PRIMAIRE,ID_STRUCTURE_DONNEES,ID_COLONNE_REFRENCE,ID_POL_SUBSTITUSION) values (877,'term_name',1,9,null,null,null,14,1,0,121,null,null);
Insert into DB_ETL.COLONNE (ID_COLONNE,NOM,TYPE_DONNEES,LONGUEUR,VALEUR_MIN,VALEUR_MAX,VALEUR_PAR_DEFAUT,ORDRE_DANS_FICHIER,NULLABLE,CLE_PRIMAIRE,ID_STRUCTURE_DONNEES,ID_COLONNE_REFRENCE,ID_POL_SUBSTITUSION) values (878,'increment_name',1,14,null,null,null,15,1,0,121,null,null);
Insert into DB_ETL.COLONNE (ID_COLONNE,NOM,TYPE_DONNEES,LONGUEUR,VALEUR_MIN,VALEUR_MAX,VALEUR_PAR_DEFAUT,ORDRE_DANS_FICHIER,NULLABLE,CLE_PRIMAIRE,ID_STRUCTURE_DONNEES,ID_COLONNE_REFRENCE,ID_POL_SUBSTITUSION) values (879,'increment_peaking_name',1,22,null,null,null,16,1,0,121,null,null);
Insert into DB_ETL.COLONNE (ID_COLONNE,NOM,TYPE_DONNEES,LONGUEUR,VALEUR_MIN,VALEUR_MAX,VALEUR_PAR_DEFAUT,ORDRE_DANS_FICHIER,NULLABLE,CLE_PRIMAIRE,ID_STRUCTURE_DONNEES,ID_COLONNE_REFRENCE,ID_POL_SUBSTITUSION) values (880,'product_type_name',1,17,null,null,null,17,1,0,121,null,null);
Insert into DB_ETL.COLONNE (ID_COLONNE,NOM,TYPE_DONNEES,LONGUEUR,VALEUR_MIN,VALEUR_MAX,VALEUR_PAR_DEFAUT,ORDRE_DANS_FICHIER,NULLABLE,CLE_PRIMAIRE,ID_STRUCTURE_DONNEES,ID_COLONNE_REFRENCE,ID_POL_SUBSTITUSION) values (881,'product_name',1,12,null,null,null,18,1,0,121,null,null);
Insert into DB_ETL.COLONNE (ID_COLONNE,NOM,TYPE_DONNEES,LONGUEUR,VALEUR_MIN,VALEUR_MAX,VALEUR_PAR_DEFAUT,ORDRE_DANS_FICHIER,NULLABLE,CLE_PRIMAIRE,ID_STRUCTURE_DONNEES,ID_COLONNE_REFRENCE,ID_POL_SUBSTITUSION) values (882,'quantity',1,8,null,null,null,19,1,0,121,null,null);
Insert into DB_ETL.COLONNE (ID_COLONNE,NOM,TYPE_DONNEES,LONGUEUR,VALEUR_MIN,VALEUR_MAX,VALEUR_PAR_DEFAUT,ORDRE_DANS_FICHIER,NULLABLE,CLE_PRIMAIRE,ID_STRUCTURE_DONNEES,ID_COLONNE_REFRENCE,ID_POL_SUBSTITUSION) values (883,'units_for_contract',1,18,null,null,null,20,1,0,121,null,null);
Insert into DB_ETL.COLONNE (ID_COLONNE,NOM,TYPE_DONNEES,LONGUEUR,VALEUR_MIN,VALEUR_MAX,VALEUR_PAR_DEFAUT,ORDRE_DANS_FICHIER,NULLABLE,CLE_PRIMAIRE,ID_STRUCTURE_DONNEES,ID_COLONNE_REFRENCE,ID_POL_SUBSTITUSION) values (884,'rate',1,4,null,null,null,21,1,0,121,null,null);
Insert into DB_ETL.COLONNE (ID_COLONNE,NOM,TYPE_DONNEES,LONGUEUR,VALEUR_MIN,VALEUR_MAX,VALEUR_PAR_DEFAUT,ORDRE_DANS_FICHIER,NULLABLE,CLE_PRIMAIRE,ID_STRUCTURE_DONNEES,ID_COLONNE_REFRENCE,ID_POL_SUBSTITUSION) values (885,'rate_minimum',1,12,null,null,null,22,1,0,121,null,null);
Insert into DB_ETL.COLONNE (ID_COLONNE,NOM,TYPE_DONNEES,LONGUEUR,VALEUR_MIN,VALEUR_MAX,VALEUR_PAR_DEFAUT,ORDRE_DANS_FICHIER,NULLABLE,CLE_PRIMAIRE,ID_STRUCTURE_DONNEES,ID_COLONNE_REFRENCE,ID_POL_SUBSTITUSION) values (886,'rate_maximum',1,12,null,null,null,23,1,0,121,null,null);
Insert into DB_ETL.COLONNE (ID_COLONNE,NOM,TYPE_DONNEES,LONGUEUR,VALEUR_MIN,VALEUR_MAX,VALEUR_PAR_DEFAUT,ORDRE_DANS_FICHIER,NULLABLE,CLE_PRIMAIRE,ID_STRUCTURE_DONNEES,ID_COLONNE_REFRENCE,ID_POL_SUBSTITUSION) values (887,'rate_description',1,16,null,null,null,24,1,0,121,null,null);
Insert into DB_ETL.COLONNE (ID_COLONNE,NOM,TYPE_DONNEES,LONGUEUR,VALEUR_MIN,VALEUR_MAX,VALEUR_PAR_DEFAUT,ORDRE_DANS_FICHIER,NULLABLE,CLE_PRIMAIRE,ID_STRUCTURE_DONNEES,ID_COLONNE_REFRENCE,ID_POL_SUBSTITUSION) values (888,'units_for_rate',1,14,null,null,null,25,1,0,121,null,null);
Insert into DB_ETL.COLONNE (ID_COLONNE,NOM,TYPE_DONNEES,LONGUEUR,VALEUR_MIN,VALEUR_MAX,VALEUR_PAR_DEFAUT,ORDRE_DANS_FICHIER,NULLABLE,CLE_PRIMAIRE,ID_STRUCTURE_DONNEES,ID_COLONNE_REFRENCE,ID_POL_SUBSTITUSION) values (889,'point_of_receipt_control_area',1,29,null,null,null,26,1,0,121,null,null);
Insert into DB_ETL.COLONNE (ID_COLONNE,NOM,TYPE_DONNEES,LONGUEUR,VALEUR_MIN,VALEUR_MAX,VALEUR_PAR_DEFAUT,ORDRE_DANS_FICHIER,NULLABLE,CLE_PRIMAIRE,ID_STRUCTURE_DONNEES,ID_COLONNE_REFRENCE,ID_POL_SUBSTITUSION) values (890,'point_of_receipt_specific_location',1,34,null,null,null,27,1,0,121,null,null);
Insert into DB_ETL.COLONNE (ID_COLONNE,NOM,TYPE_DONNEES,LONGUEUR,VALEUR_MIN,VALEUR_MAX,VALEUR_PAR_DEFAUT,ORDRE_DANS_FICHIER,NULLABLE,CLE_PRIMAIRE,ID_STRUCTURE_DONNEES,ID_COLONNE_REFRENCE,ID_POL_SUBSTITUSION) values (891,'point_of_delivery_control_area',1,30,null,null,null,28,1,0,121,null,null);
Insert into DB_ETL.COLONNE (ID_COLONNE,NOM,TYPE_DONNEES,LONGUEUR,VALEUR_MIN,VALEUR_MAX,VALEUR_PAR_DEFAUT,ORDRE_DANS_FICHIER,NULLABLE,CLE_PRIMAIRE,ID_STRUCTURE_DONNEES,ID_COLONNE_REFRENCE,ID_POL_SUBSTITUSION) values (892,'point_of_delivery_specific_location',1,35,null,null,null,29,1,0,121,null,null);
Insert into DB_ETL.COLONNE (ID_COLONNE,NOM,TYPE_DONNEES,LONGUEUR,VALEUR_MIN,VALEUR_MAX,VALEUR_PAR_DEFAUT,ORDRE_DANS_FICHIER,NULLABLE,CLE_PRIMAIRE,ID_STRUCTURE_DONNEES,ID_COLONNE_REFRENCE,ID_POL_SUBSTITUSION) values (893,'begin_date',1,10,null,null,null,30,1,0,121,null,null);
Insert into DB_ETL.COLONNE (ID_COLONNE,NOM,TYPE_DONNEES,LONGUEUR,VALEUR_MIN,VALEUR_MAX,VALEUR_PAR_DEFAUT,ORDRE_DANS_FICHIER,NULLABLE,CLE_PRIMAIRE,ID_STRUCTURE_DONNEES,ID_COLONNE_REFRENCE,ID_POL_SUBSTITUSION) values (894,'end_date',1,8,null,null,null,31,1,0,121,null,null);
Insert into DB_ETL.COLONNE (ID_COLONNE,NOM,TYPE_DONNEES,LONGUEUR,VALEUR_MIN,VALEUR_MAX,VALEUR_PAR_DEFAUT,ORDRE_DANS_FICHIER,NULLABLE,CLE_PRIMAIRE,ID_STRUCTURE_DONNEES,ID_COLONNE_REFRENCE,ID_POL_SUBSTITUSION) values (895,'time_zone',1,9,null,null,null,32,1,0,121,null,null);
Insert into DB_ETL.COLONNE (ID_COLONNE,NOM,TYPE_DONNEES,LONGUEUR,VALEUR_MIN,VALEUR_MAX,VALEUR_PAR_DEFAUT,ORDRE_DANS_FICHIER,NULLABLE,CLE_PRIMAIRE,ID_STRUCTURE_DONNEES,ID_COLONNE_REFRENCE,ID_POL_SUBSTITUSION) values (896,'MOha STRUCTURE',7,null,null,null,null,34,1,0,121,null,null);
REM INSERTING into DB_ETL.CONFIGURATION
SET DEFINE OFF;
Insert into DB_ETL.CONFIGURATION (ID_CONFIGURATION,NOM,ENCODAGE_DE_CARACTERE,SEPARATEUR_DE_COLONNE,CARACTERE_ECHAPPEMENT,IGNORER_LIGNES_VIDES,UTILISER_NOM_PREMIERE_LIGNE,NB_LIGNES_A_LIMITER,TAILLE_BLOC_CHARGER_MEMOIRE) values (23,'Tets',1,'	',null,0,0,0,null);
Insert into DB_ETL.CONFIGURATION (ID_CONFIGURATION,NOM,ENCODAGE_DE_CARACTERE,SEPARATEUR_DE_COLONNE,CARACTERE_ECHAPPEMENT,IGNORER_LIGNES_VIDES,UTILISER_NOM_PREMIERE_LIGNE,NB_LIGNES_A_LIMITER,TAILLE_BLOC_CHARGER_MEMOIRE) values (24,'Contacts',1,',',null,0,1,0,null);
Insert into DB_ETL.CONFIGURATION (ID_CONFIGURATION,NOM,ENCODAGE_DE_CARACTERE,SEPARATEUR_DE_COLONNE,CARACTERE_ECHAPPEMENT,IGNORER_LIGNES_VIDES,UTILISER_NOM_PREMIERE_LIGNE,NB_LIGNES_A_LIMITER,TAILLE_BLOC_CHARGER_MEMOIRE) values (25,'UTRAN',1,'/',null,1,0,0,null);
Insert into DB_ETL.CONFIGURATION (ID_CONFIGURATION,NOM,ENCODAGE_DE_CARACTERE,SEPARATEUR_DE_COLONNE,CARACTERE_ECHAPPEMENT,IGNORER_LIGNES_VIDES,UTILISER_NOM_PREMIERE_LIGNE,NB_LIGNES_A_LIMITER,TAILLE_BLOC_CHARGER_MEMOIRE) values (26,'US Presidents',1,',',null,1,1,0,null);
Insert into DB_ETL.CONFIGURATION (ID_CONFIGURATION,NOM,ENCODAGE_DE_CARACTERE,SEPARATEUR_DE_COLONNE,CARACTERE_ECHAPPEMENT,IGNORER_LIGNES_VIDES,UTILISER_NOM_PREMIERE_LIGNE,NB_LIGNES_A_LIMITER,TAILLE_BLOC_CHARGER_MEMOIRE) values (21,'New 000',1,';',null,0,1,0,null);
Insert into DB_ETL.CONFIGURATION (ID_CONFIGURATION,NOM,ENCODAGE_DE_CARACTERE,SEPARATEUR_DE_COLONNE,CARACTERE_ECHAPPEMENT,IGNORER_LIGNES_VIDES,UTILISER_NOM_PREMIERE_LIGNE,NB_LIGNES_A_LIMITER,TAILLE_BLOC_CHARGER_MEMOIRE) values (22,'Naw 1001',1,',',null,1,0,30,null);
Insert into DB_ETL.CONFIGURATION (ID_CONFIGURATION,NOM,ENCODAGE_DE_CARACTERE,SEPARATEUR_DE_COLONNE,CARACTERE_ECHAPPEMENT,IGNORER_LIGNES_VIDES,UTILISER_NOM_PREMIERE_LIGNE,NB_LIGNES_A_LIMITER,TAILLE_BLOC_CHARGER_MEMOIRE) values (4,'New10',1,'2','''',0,0,0,null);
Insert into DB_ETL.CONFIGURATION (ID_CONFIGURATION,NOM,ENCODAGE_DE_CARACTERE,SEPARATEUR_DE_COLONNE,CARACTERE_ECHAPPEMENT,IGNORER_LIGNES_VIDES,UTILISER_NOM_PREMIERE_LIGNE,NB_LIGNES_A_LIMITER,TAILLE_BLOC_CHARGER_MEMOIRE) values (5,'Test',1,';',null,0,0,0,null);
REM INSERTING into DB_ETL.CONNEXION_BD
SET DEFINE OFF;
Insert into DB_ETL.CONNEXION_BD (ID_CONNEXION_BD,NOM_CONNEXION_BD,NOM_BASE_DONNEES,NOM_UTILISATEUR,MOT_DE_PASSE,URL_CONNEXION,ID_SGBD) values (81,'Test 00Oracle','DB_ETL','db_etl',null,'jdbc:oracle:thin:@localhost:1521:xe',1);
Insert into DB_ETL.CONNEXION_BD (ID_CONNEXION_BD,NOM_CONNEXION_BD,NOM_BASE_DONNEES,NOM_UTILISATEUR,MOT_DE_PASSE,URL_CONNEXION,ID_SGBD) values (22,'Test','test','root',null,'jdbc:mysql://localhost/test',1);
Insert into DB_ETL.CONNEXION_BD (ID_CONNEXION_BD,NOM_CONNEXION_BD,NOM_BASE_DONNEES,NOM_UTILISATEUR,MOT_DE_PASSE,URL_CONNEXION,ID_SGBD) values (61,'Test BD Oracle','DB_ETL','db_etl','root','jdbc:oracle:thin:@localhost:1521:xe',2);
REM INSERTING into DB_ETL.CONNEXION_FTP
SET DEFINE OFF;
Insert into DB_ETL.CONNEXION_FTP (ID,NOM_CONNEXION_FTP,ADRESSE_SERVEUR_FTP,NOM_UTILISATEUR,MOT_DE_PASSE,NUMERO_PORT) values (2,'FTP Localhost','127.0.0.1','admin','admin',21);
Insert into DB_ETL.CONNEXION_FTP (ID,NOM_CONNEXION_FTP,ADRESSE_SERVEUR_FTP,NOM_UTILISATEUR,MOT_DE_PASSE,NUMERO_PORT) values (1,'ftp 00','127.0.0.1','admin',null,21);
REM INSERTING into DB_ETL.CORRECTION
SET DEFINE OFF;
REM INSERTING into DB_ETL.DROIT_SYSTEME
SET DEFINE OFF;
Insert into DB_ETL.DROIT_SYSTEME (ID_DROIT_SYSTEME,ROLE,LABEL) values (1,'ROLE_AJOUTER_CONNEXION_BASE_DONNEES','Ajouter une connexion à une base de données');
Insert into DB_ETL.DROIT_SYSTEME (ID_DROIT_SYSTEME,ROLE,LABEL) values (2,'ROLE_MODIFIER_CONNEXION_BASE_DONNEES','Modifier une connexion à une  base de données');
Insert into DB_ETL.DROIT_SYSTEME (ID_DROIT_SYSTEME,ROLE,LABEL) values (3,'ROLE_SUPPRIMER_CONNEXION_BASE_DONNEES','Supprimer une connexion à une base de données');
Insert into DB_ETL.DROIT_SYSTEME (ID_DROIT_SYSTEME,ROLE,LABEL) values (4,'ROLE_AJOUTER_CONNEXION_FTP','Ajouter une connexion FTP');
Insert into DB_ETL.DROIT_SYSTEME (ID_DROIT_SYSTEME,ROLE,LABEL) values (5,'ROLE_MODIFIER_CONNEXION_FTP','Modifier  une connexion FTP');
Insert into DB_ETL.DROIT_SYSTEME (ID_DROIT_SYSTEME,ROLE,LABEL) values (6,'ROLE_SUPPRIMER_CONNEXION_FTP','Supprimer une connexion FTP');
Insert into DB_ETL.DROIT_SYSTEME (ID_DROIT_SYSTEME,ROLE,LABEL) values (7,'ROLE_GESTION_FICHIER_LOCAL','Gestion des fichiers en local');
Insert into DB_ETL.DROIT_SYSTEME (ID_DROIT_SYSTEME,ROLE,LABEL) values (8,'ROLE_GESTION_FICHIERS_FTP','Gestion des fichier sur un serveur FTP');
Insert into DB_ETL.DROIT_SYSTEME (ID_DROIT_SYSTEME,ROLE,LABEL) values (9,'ROLE_AJOUTER_CONFIGURATION','Ajouter une configuration');
Insert into DB_ETL.DROIT_SYSTEME (ID_DROIT_SYSTEME,ROLE,LABEL) values (10,'ROLE_MODIFIER_CONFIGURATION','Modifier une configuration');
Insert into DB_ETL.DROIT_SYSTEME (ID_DROIT_SYSTEME,ROLE,LABEL) values (11,'ROLE_SUPPRIMER_CONFIGURATION','Supprimer une configuration');
Insert into DB_ETL.DROIT_SYSTEME (ID_DROIT_SYSTEME,ROLE,LABEL) values (12,'ROLE_AJOUTER_STRUCTURE_DONNEES','Ajouter une structure de données');
Insert into DB_ETL.DROIT_SYSTEME (ID_DROIT_SYSTEME,ROLE,LABEL) values (13,'ROLE_MODIFIER_STRUCTURE_DONNEES','Modifier une structure de données');
Insert into DB_ETL.DROIT_SYSTEME (ID_DROIT_SYSTEME,ROLE,LABEL) values (14,'ROLE_SUPPRIMER_STRUCTURE_DONNEES','Supprimer une structure de données');
Insert into DB_ETL.DROIT_SYSTEME (ID_DROIT_SYSTEME,ROLE,LABEL) values (15,'ROLE_VERIFIER_FICHIER_CSV','Vérifier un fichier CSV');
Insert into DB_ETL.DROIT_SYSTEME (ID_DROIT_SYSTEME,ROLE,LABEL) values (16,'ROLE_IMPORTER_FICHER_CSV','Importer un fichier CSV sur une base de données');
Insert into DB_ETL.DROIT_SYSTEME (ID_DROIT_SYSTEME,ROLE,LABEL) values (17,'ROLE_AJOUTER_UTILISATEUR','Ajouter un utilisateur');
Insert into DB_ETL.DROIT_SYSTEME (ID_DROIT_SYSTEME,ROLE,LABEL) values (18,'ROLE_MODIFIER_UTILISATEUR','Modifier un utilisateur');
Insert into DB_ETL.DROIT_SYSTEME (ID_DROIT_SYSTEME,ROLE,LABEL) values (19,'ROLE_SUPPRIMER_UTILISATEUR','Supprimer un utilisateur');
Insert into DB_ETL.DROIT_SYSTEME (ID_DROIT_SYSTEME,ROLE,LABEL) values (20,'ROLE_AJOUTER_DROIT','Ajouter un droit utilisateur');
Insert into DB_ETL.DROIT_SYSTEME (ID_DROIT_SYSTEME,ROLE,LABEL) values (21,'ROLE_MODIFIER_DROIT','Modifier un droit utilisateur');
Insert into DB_ETL.DROIT_SYSTEME (ID_DROIT_SYSTEME,ROLE,LABEL) values (22,'ROLE_SUPPRIMER_DROIT','Supprimer un droit utilisateur');
REM INSERTING into DB_ETL.DROIT_UTILISATEUR
SET DEFINE OFF;
Insert into DB_ETL.DROIT_UTILISATEUR (ID_DROIT_UTILISATEUR,LABEL) values (4,'Gestionnaire de connexions');
Insert into DB_ETL.DROIT_UTILISATEUR (ID_DROIT_UTILISATEUR,LABEL) values (5,'Adminsitrateur');
REM INSERTING into DB_ETL.DROIT_UTILISATEUR_SYSTEME
SET DEFINE OFF;
Insert into DB_ETL.DROIT_UTILISATEUR_SYSTEME (ID_DROIT_UTILSATEUR,ID_DROIT_SYSTEME) values (4,1);
Insert into DB_ETL.DROIT_UTILISATEUR_SYSTEME (ID_DROIT_UTILSATEUR,ID_DROIT_SYSTEME) values (4,2);
Insert into DB_ETL.DROIT_UTILISATEUR_SYSTEME (ID_DROIT_UTILSATEUR,ID_DROIT_SYSTEME) values (4,3);
Insert into DB_ETL.DROIT_UTILISATEUR_SYSTEME (ID_DROIT_UTILSATEUR,ID_DROIT_SYSTEME) values (4,4);
Insert into DB_ETL.DROIT_UTILISATEUR_SYSTEME (ID_DROIT_UTILSATEUR,ID_DROIT_SYSTEME) values (4,5);
Insert into DB_ETL.DROIT_UTILISATEUR_SYSTEME (ID_DROIT_UTILSATEUR,ID_DROIT_SYSTEME) values (4,6);
Insert into DB_ETL.DROIT_UTILISATEUR_SYSTEME (ID_DROIT_UTILSATEUR,ID_DROIT_SYSTEME) values (5,1);
Insert into DB_ETL.DROIT_UTILISATEUR_SYSTEME (ID_DROIT_UTILSATEUR,ID_DROIT_SYSTEME) values (5,2);
Insert into DB_ETL.DROIT_UTILISATEUR_SYSTEME (ID_DROIT_UTILSATEUR,ID_DROIT_SYSTEME) values (5,3);
Insert into DB_ETL.DROIT_UTILISATEUR_SYSTEME (ID_DROIT_UTILSATEUR,ID_DROIT_SYSTEME) values (5,4);
Insert into DB_ETL.DROIT_UTILISATEUR_SYSTEME (ID_DROIT_UTILSATEUR,ID_DROIT_SYSTEME) values (5,5);
Insert into DB_ETL.DROIT_UTILISATEUR_SYSTEME (ID_DROIT_UTILSATEUR,ID_DROIT_SYSTEME) values (5,6);
Insert into DB_ETL.DROIT_UTILISATEUR_SYSTEME (ID_DROIT_UTILSATEUR,ID_DROIT_SYSTEME) values (5,7);
Insert into DB_ETL.DROIT_UTILISATEUR_SYSTEME (ID_DROIT_UTILSATEUR,ID_DROIT_SYSTEME) values (5,8);
Insert into DB_ETL.DROIT_UTILISATEUR_SYSTEME (ID_DROIT_UTILSATEUR,ID_DROIT_SYSTEME) values (5,9);
Insert into DB_ETL.DROIT_UTILISATEUR_SYSTEME (ID_DROIT_UTILSATEUR,ID_DROIT_SYSTEME) values (5,10);
Insert into DB_ETL.DROIT_UTILISATEUR_SYSTEME (ID_DROIT_UTILSATEUR,ID_DROIT_SYSTEME) values (5,11);
Insert into DB_ETL.DROIT_UTILISATEUR_SYSTEME (ID_DROIT_UTILSATEUR,ID_DROIT_SYSTEME) values (5,12);
Insert into DB_ETL.DROIT_UTILISATEUR_SYSTEME (ID_DROIT_UTILSATEUR,ID_DROIT_SYSTEME) values (5,13);
Insert into DB_ETL.DROIT_UTILISATEUR_SYSTEME (ID_DROIT_UTILSATEUR,ID_DROIT_SYSTEME) values (5,14);
Insert into DB_ETL.DROIT_UTILISATEUR_SYSTEME (ID_DROIT_UTILSATEUR,ID_DROIT_SYSTEME) values (5,15);
Insert into DB_ETL.DROIT_UTILISATEUR_SYSTEME (ID_DROIT_UTILSATEUR,ID_DROIT_SYSTEME) values (5,16);
Insert into DB_ETL.DROIT_UTILISATEUR_SYSTEME (ID_DROIT_UTILSATEUR,ID_DROIT_SYSTEME) values (5,17);
Insert into DB_ETL.DROIT_UTILISATEUR_SYSTEME (ID_DROIT_UTILSATEUR,ID_DROIT_SYSTEME) values (5,18);
Insert into DB_ETL.DROIT_UTILISATEUR_SYSTEME (ID_DROIT_UTILSATEUR,ID_DROIT_SYSTEME) values (5,19);
Insert into DB_ETL.DROIT_UTILISATEUR_SYSTEME (ID_DROIT_UTILSATEUR,ID_DROIT_SYSTEME) values (5,20);
Insert into DB_ETL.DROIT_UTILISATEUR_SYSTEME (ID_DROIT_UTILSATEUR,ID_DROIT_SYSTEME) values (5,21);
Insert into DB_ETL.DROIT_UTILISATEUR_SYSTEME (ID_DROIT_UTILSATEUR,ID_DROIT_SYSTEME) values (5,22);
REM INSERTING into DB_ETL.ERREUR
SET DEFINE OFF;
REM INSERTING into DB_ETL.FICHIER
SET DEFINE OFF;
REM INSERTING into DB_ETL.PARAMETRES
SET DEFINE OFF;
Insert into DB_ETL.PARAMETRES (ID,NOM,LABEL,VALEUR) values (22,'sep_colonne','Virgule',2);
Insert into DB_ETL.PARAMETRES (ID,NOM,LABEL,VALEUR) values (23,'sep_colonne','Tabulation',3);
Insert into DB_ETL.PARAMETRES (ID,NOM,LABEL,VALEUR) values (24,'sep_colonne','Espace',4);
Insert into DB_ETL.PARAMETRES (ID,NOM,LABEL,VALEUR) values (25,'sep_colonne','Personalisé',5);
Insert into DB_ETL.PARAMETRES (ID,NOM,LABEL,VALEUR) values (28,'carc_echap','Aucun',1);
Insert into DB_ETL.PARAMETRES (ID,NOM,LABEL,VALEUR) values (29,'carc_echap','\',2);
Insert into DB_ETL.PARAMETRES (ID,NOM,LABEL,VALEUR) values (30,'carc_echap','''',3);
Insert into DB_ETL.PARAMETRES (ID,NOM,LABEL,VALEUR) values (31,'carc_echap','Personalisé',4);
Insert into DB_ETL.PARAMETRES (ID,NOM,LABEL,VALEUR) values (1,'encoding','UTF-8',1);
Insert into DB_ETL.PARAMETRES (ID,NOM,LABEL,VALEUR) values (2,'encoding','UTF-16',2);
Insert into DB_ETL.PARAMETRES (ID,NOM,LABEL,VALEUR) values (3,'encoding','UTF-16LE',3);
Insert into DB_ETL.PARAMETRES (ID,NOM,LABEL,VALEUR) values (4,'encoding','UTF-16BE',4);
Insert into DB_ETL.PARAMETRES (ID,NOM,LABEL,VALEUR) values (5,'encoding','UTF-7',5);
Insert into DB_ETL.PARAMETRES (ID,NOM,LABEL,VALEUR) values (6,'encoding','ISO-8859-1',6);
Insert into DB_ETL.PARAMETRES (ID,NOM,LABEL,VALEUR) values (7,'encoding','ISO-8859-2',7);
Insert into DB_ETL.PARAMETRES (ID,NOM,LABEL,VALEUR) values (8,'encoding','ISO-8859-3',8);
Insert into DB_ETL.PARAMETRES (ID,NOM,LABEL,VALEUR) values (9,'encoding','ISO-8859-4',9);
Insert into DB_ETL.PARAMETRES (ID,NOM,LABEL,VALEUR) values (10,'encoding','ISO-8859-5',10);
Insert into DB_ETL.PARAMETRES (ID,NOM,LABEL,VALEUR) values (11,'encoding','ISO-8859-6',11);
Insert into DB_ETL.PARAMETRES (ID,NOM,LABEL,VALEUR) values (12,'encoding','ISO-8859-7',12);
Insert into DB_ETL.PARAMETRES (ID,NOM,LABEL,VALEUR) values (13,'encoding','ISO-8859-8',13);
Insert into DB_ETL.PARAMETRES (ID,NOM,LABEL,VALEUR) values (14,'encoding','ISO-8859-9',14);
Insert into DB_ETL.PARAMETRES (ID,NOM,LABEL,VALEUR) values (15,'encoding','ISO-8859-10',15);
Insert into DB_ETL.PARAMETRES (ID,NOM,LABEL,VALEUR) values (16,'encoding','windows-1252',16);
Insert into DB_ETL.PARAMETRES (ID,NOM,LABEL,VALEUR) values (17,'encoding','BIG5',17);
Insert into DB_ETL.PARAMETRES (ID,NOM,LABEL,VALEUR) values (18,'encoding','GB18030',18);
Insert into DB_ETL.PARAMETRES (ID,NOM,LABEL,VALEUR) values (19,'encoding','GB2312',19);
Insert into DB_ETL.PARAMETRES (ID,NOM,LABEL,VALEUR) values (20,'encoding','EUC_CN',20);
Insert into DB_ETL.PARAMETRES (ID,NOM,LABEL,VALEUR) values (32,'type_colonne','String',1);
Insert into DB_ETL.PARAMETRES (ID,NOM,LABEL,VALEUR) values (33,'type_colonne','BigDecimal',2);
Insert into DB_ETL.PARAMETRES (ID,NOM,LABEL,VALEUR) values (34,'type_colonne','boolean',3);
Insert into DB_ETL.PARAMETRES (ID,NOM,LABEL,VALEUR) values (35,'type_colonne','byte',4);
Insert into DB_ETL.PARAMETRES (ID,NOM,LABEL,VALEUR) values (36,'type_colonne','short',5);
Insert into DB_ETL.PARAMETRES (ID,NOM,LABEL,VALEUR) values (37,'type_colonne','int',6);
Insert into DB_ETL.PARAMETRES (ID,NOM,LABEL,VALEUR) values (38,'type_colonne','long',7);
Insert into DB_ETL.PARAMETRES (ID,NOM,LABEL,VALEUR) values (39,'type_colonne','float',8);
Insert into DB_ETL.PARAMETRES (ID,NOM,LABEL,VALEUR) values (40,'type_colonne','double',9);
Insert into DB_ETL.PARAMETRES (ID,NOM,LABEL,VALEUR) values (41,'type_colonne','byte[]',10);
Insert into DB_ETL.PARAMETRES (ID,NOM,LABEL,VALEUR) values (42,'type_colonne','Date',11);
Insert into DB_ETL.PARAMETRES (ID,NOM,LABEL,VALEUR) values (43,'type_colonne','Time',12);
Insert into DB_ETL.PARAMETRES (ID,NOM,LABEL,VALEUR) values (44,'type_colonne','Timestamp',13);
Insert into DB_ETL.PARAMETRES (ID,NOM,LABEL,VALEUR) values (21,'sep_colonne','Point-virgule',1);
REM INSERTING into DB_ETL.PARAMETRE_APPLICATION
SET DEFINE OFF;
REM INSERTING into DB_ETL.POLITIQUE_SUBSTITUSION
SET DEFINE OFF;
REM INSERTING into DB_ETL.SAUVEGUARDE_TABLE
SET DEFINE OFF;
REM INSERTING into DB_ETL.SELECTION_PAR_INTERVALLE
SET DEFINE OFF;
Insert into DB_ETL.SELECTION_PAR_INTERVALLE (ID_SELECTION,NUM_LIGNE_DEPART,NUM_LIGNE_FIN,ID_CONFIGURATION) values (141,2,10,26);
Insert into DB_ETL.SELECTION_PAR_INTERVALLE (ID_SELECTION,NUM_LIGNE_DEPART,NUM_LIGNE_FIN,ID_CONFIGURATION) values (41,20,40,21);
REM INSERTING into DB_ETL.SGBD
SET DEFINE OFF;
Insert into DB_ETL.SGBD (ID_SGBD,TYPE,DRIVER_CLASS_NAME,FICHIER_DRIVER_JAR) values (1,'MySQL','com.mysql.jdbc.Driver',null);
Insert into DB_ETL.SGBD (ID_SGBD,TYPE,DRIVER_CLASS_NAME,FICHIER_DRIVER_JAR) values (2,'Oracle','oracle.jdbc.OracleDriver',null);
Insert into DB_ETL.SGBD (ID_SGBD,TYPE,DRIVER_CLASS_NAME,FICHIER_DRIVER_JAR) values (3,'PostgreSQL','org.postgresql.Driver',null);
Insert into DB_ETL.SGBD (ID_SGBD,TYPE,DRIVER_CLASS_NAME,FICHIER_DRIVER_JAR) values (4,'Apache Derby','org.apache.derby.jdbc.EmbeddedDriver',null);
Insert into DB_ETL.SGBD (ID_SGBD,TYPE,DRIVER_CLASS_NAME,FICHIER_DRIVER_JAR) values (5,'SQL Server','com.microsoft.sqlserver.jdbc.SQLServerDriver',null);
REM INSERTING into DB_ETL.STRUCTURE_DONNEES
SET DEFINE OFF;
Insert into DB_ETL.STRUCTURE_DONNEES (ID_STRUCTURE_DONNEES,NOM) values (124,'Manual STRUCTURE');
Insert into DB_ETL.STRUCTURE_DONNEES (ID_STRUCTURE_DONNEES,NOM) values (125,'TEST');
Insert into DB_ETL.STRUCTURE_DONNEES (ID_STRUCTURE_DONNEES,NOM) values (201,'US President');
Insert into DB_ETL.STRUCTURE_DONNEES (ID_STRUCTURE_DONNEES,NOM) values (121,'TEST DATA');
Insert into DB_ETL.STRUCTURE_DONNEES (ID_STRUCTURE_DONNEES,NOM) values (123,'Presidency 00');
Insert into DB_ETL.STRUCTURE_DONNEES (ID_STRUCTURE_DONNEES,NOM) values (141,'MOha STRUCTURE');
Insert into DB_ETL.STRUCTURE_DONNEES (ID_STRUCTURE_DONNEES,NOM) values (161,'US President 1');
REM INSERTING into DB_ETL.TABLE_BD
SET DEFINE OFF;
REM INSERTING into DB_ETL.UTILISATEUR
SET DEFINE OFF;
Insert into DB_ETL.UTILISATEUR (ID_UTILISATEUR,NOM,PRENOM,LOGIN,MOT_DE_PASSE) values (4,'Foulen','ben Foulen','conx','conx');
Insert into DB_ETL.UTILISATEUR (ID_UTILISATEUR,NOM,PRENOM,LOGIN,MOT_DE_PASSE) values (61,'med','slimen','admin00','admin00');
REM INSERTING into DB_ETL.UTILISATEUR_DROIT
SET DEFINE OFF;
Insert into DB_ETL.UTILISATEUR_DROIT (UTILISATEUR_ID_UTILISATEUR,DROITS_ID_DROITS) values (4,4);
Insert into DB_ETL.UTILISATEUR_DROIT (UTILISATEUR_ID_UTILISATEUR,DROITS_ID_DROITS) values (61,5);
--------------------------------------------------------
--  DDL for Index DROIT_UTILISATEUR_PK
--------------------------------------------------------

  CREATE UNIQUE INDEX "DB_ETL"."DROIT_UTILISATEUR_PK" ON "DB_ETL"."DROIT_UTILISATEUR" ("ID_DROIT_UTILISATEUR") 
  PCTFREE 10 INITRANS 2 MAXTRANS 255 COMPUTE STATISTICS 
  STORAGE(INITIAL 65536 NEXT 1048576 MINEXTENTS 1 MAXEXTENTS 2147483645
  PCTINCREASE 0 FREELISTS 1 FREELIST GROUPS 1 BUFFER_POOL DEFAULT)
  TABLESPACE "USERS" ;
--------------------------------------------------------
--  DDL for Index ERREUR_PK
--------------------------------------------------------

  CREATE UNIQUE INDEX "DB_ETL"."ERREUR_PK" ON "DB_ETL"."ERREUR" ("ID_ERREUR") 
  PCTFREE 10 INITRANS 2 MAXTRANS 255 COMPUTE STATISTICS 
  STORAGE(INITIAL 65536 NEXT 1048576 MINEXTENTS 1 MAXEXTENTS 2147483645
  PCTINCREASE 0 FREELISTS 1 FREELIST GROUPS 1 BUFFER_POOL DEFAULT)
  TABLESPACE "USERS" ;
--------------------------------------------------------
--  DDL for Index DROIT_SYSTEME_PK
--------------------------------------------------------

  CREATE UNIQUE INDEX "DB_ETL"."DROIT_SYSTEME_PK" ON "DB_ETL"."DROIT_SYSTEME" ("ID_DROIT_SYSTEME") 
  PCTFREE 10 INITRANS 2 MAXTRANS 255 COMPUTE STATISTICS 
  STORAGE(INITIAL 65536 NEXT 1048576 MINEXTENTS 1 MAXEXTENTS 2147483645
  PCTINCREASE 0 FREELISTS 1 FREELIST GROUPS 1 BUFFER_POOL DEFAULT)
  TABLESPACE "USERS" ;
--------------------------------------------------------
--  DDL for Index UTILISATEUR_PK
--------------------------------------------------------

  CREATE UNIQUE INDEX "DB_ETL"."UTILISATEUR_PK" ON "DB_ETL"."UTILISATEUR" ("ID_UTILISATEUR") 
  PCTFREE 10 INITRANS 2 MAXTRANS 255 COMPUTE STATISTICS 
  STORAGE(INITIAL 65536 NEXT 1048576 MINEXTENTS 1 MAXEXTENTS 2147483645
  PCTINCREASE 0 FREELISTS 1 FREELIST GROUPS 1 BUFFER_POOL DEFAULT)
  TABLESPACE "USERS" ;
--------------------------------------------------------
--  DDL for Index UTILISATEUR_DROIT_PK
--------------------------------------------------------

  CREATE UNIQUE INDEX "DB_ETL"."UTILISATEUR_DROIT_PK" ON "DB_ETL"."UTILISATEUR_DROIT" ("UTILISATEUR_ID_UTILISATEUR", "DROITS_ID_DROITS") 
  PCTFREE 10 INITRANS 2 MAXTRANS 255 COMPUTE STATISTICS 
  STORAGE(INITIAL 65536 NEXT 1048576 MINEXTENTS 1 MAXEXTENTS 2147483645
  PCTINCREASE 0 FREELISTS 1 FREELIST GROUPS 1 BUFFER_POOL DEFAULT)
  TABLESPACE "USERS" ;
--------------------------------------------------------
--  DDL for Index PARAMETRE_APPLICATION_PK
--------------------------------------------------------

  CREATE UNIQUE INDEX "DB_ETL"."PARAMETRE_APPLICATION_PK" ON "DB_ETL"."PARAMETRE_APPLICATION" ("ID_PARAMETRE_APPLICATION") 
  PCTFREE 10 INITRANS 2 MAXTRANS 255 COMPUTE STATISTICS 
  STORAGE(INITIAL 65536 NEXT 1048576 MINEXTENTS 1 MAXEXTENTS 2147483645
  PCTINCREASE 0 FREELISTS 1 FREELIST GROUPS 1 BUFFER_POOL DEFAULT)
  TABLESPACE "USERS" ;
--------------------------------------------------------
--  DDL for Index STRUCTURE_DONNEES_PK
--------------------------------------------------------

  CREATE UNIQUE INDEX "DB_ETL"."STRUCTURE_DONNEES_PK" ON "DB_ETL"."STRUCTURE_DONNEES" ("ID_STRUCTURE_DONNEES") 
  PCTFREE 10 INITRANS 2 MAXTRANS 255 COMPUTE STATISTICS 
  STORAGE(INITIAL 65536 NEXT 1048576 MINEXTENTS 1 MAXEXTENTS 2147483645
  PCTINCREASE 0 FREELISTS 1 FREELIST GROUPS 1 BUFFER_POOL DEFAULT)
  TABLESPACE "USERS" ;
--------------------------------------------------------
--  DDL for Index CONNEXION_FTP_PK
--------------------------------------------------------

  CREATE UNIQUE INDEX "DB_ETL"."CONNEXION_FTP_PK" ON "DB_ETL"."CONNEXION_FTP" ("ID") 
  PCTFREE 10 INITRANS 2 MAXTRANS 255 COMPUTE STATISTICS 
  STORAGE(INITIAL 65536 NEXT 1048576 MINEXTENTS 1 MAXEXTENTS 2147483645
  PCTINCREASE 0 FREELISTS 1 FREELIST GROUPS 1 BUFFER_POOL DEFAULT)
  TABLESPACE "USERS" ;
--------------------------------------------------------
--  DDL for Index SGBD_PK
--------------------------------------------------------

  CREATE UNIQUE INDEX "DB_ETL"."SGBD_PK" ON "DB_ETL"."SGBD" ("ID_SGBD") 
  PCTFREE 10 INITRANS 2 MAXTRANS 255 COMPUTE STATISTICS 
  STORAGE(INITIAL 65536 NEXT 1048576 MINEXTENTS 1 MAXEXTENTS 2147483645
  PCTINCREASE 0 FREELISTS 1 FREELIST GROUPS 1 BUFFER_POOL DEFAULT)
  TABLESPACE "USERS" ;
--------------------------------------------------------
--  DDL for Index PARAMETRES_PK
--------------------------------------------------------

  CREATE UNIQUE INDEX "DB_ETL"."PARAMETRES_PK" ON "DB_ETL"."PARAMETRES" ("ID") 
  PCTFREE 10 INITRANS 2 MAXTRANS 255 COMPUTE STATISTICS 
  STORAGE(INITIAL 65536 NEXT 1048576 MINEXTENTS 1 MAXEXTENTS 2147483645
  PCTINCREASE 0 FREELISTS 1 FREELIST GROUPS 1 BUFFER_POOL DEFAULT)
  TABLESPACE "USERS" ;
--------------------------------------------------------
--  DDL for Index SELECTION_PAR_INTERVALLE_PK
--------------------------------------------------------

  CREATE UNIQUE INDEX "DB_ETL"."SELECTION_PAR_INTERVALLE_PK" ON "DB_ETL"."SELECTION_PAR_INTERVALLE" ("ID_SELECTION") 
  PCTFREE 10 INITRANS 2 MAXTRANS 255 COMPUTE STATISTICS 
  STORAGE(INITIAL 65536 NEXT 1048576 MINEXTENTS 1 MAXEXTENTS 2147483645
  PCTINCREASE 0 FREELISTS 1 FREELIST GROUPS 1 BUFFER_POOL DEFAULT)
  TABLESPACE "USERS" ;
--------------------------------------------------------
--  DDL for Index POLITIQUE_SUBSTITUSION_PK
--------------------------------------------------------

  CREATE UNIQUE INDEX "DB_ETL"."POLITIQUE_SUBSTITUSION_PK" ON "DB_ETL"."POLITIQUE_SUBSTITUSION" ("ID_POLITIQUE_SUBSTITUSION") 
  PCTFREE 10 INITRANS 2 MAXTRANS 255 COMPUTE STATISTICS 
  STORAGE(INITIAL 65536 NEXT 1048576 MINEXTENTS 1 MAXEXTENTS 2147483645
  PCTINCREASE 0 FREELISTS 1 FREELIST GROUPS 1 BUFFER_POOL DEFAULT)
  TABLESPACE "USERS" ;
--------------------------------------------------------
--  DDL for Index CORRECTION_PK
--------------------------------------------------------

  CREATE UNIQUE INDEX "DB_ETL"."CORRECTION_PK" ON "DB_ETL"."CORRECTION" ("ID_CORRECTION") 
  PCTFREE 10 INITRANS 2 MAXTRANS 255 COMPUTE STATISTICS 
  STORAGE(INITIAL 65536 NEXT 1048576 MINEXTENTS 1 MAXEXTENTS 2147483645
  PCTINCREASE 0 FREELISTS 1 FREELIST GROUPS 1 BUFFER_POOL DEFAULT)
  TABLESPACE "USERS" ;
--------------------------------------------------------
--  DDL for Index DROIT_UTILISATEUR_SYSTEME_PK
--------------------------------------------------------

  CREATE UNIQUE INDEX "DB_ETL"."DROIT_UTILISATEUR_SYSTEME_PK" ON "DB_ETL"."DROIT_UTILISATEUR_SYSTEME" ("ID_DROIT_UTILSATEUR", "ID_DROIT_SYSTEME") 
  PCTFREE 10 INITRANS 2 MAXTRANS 255 COMPUTE STATISTICS 
  STORAGE(INITIAL 65536 NEXT 1048576 MINEXTENTS 1 MAXEXTENTS 2147483645
  PCTINCREASE 0 FREELISTS 1 FREELIST GROUPS 1 BUFFER_POOL DEFAULT)
  TABLESPACE "USERS" ;
--------------------------------------------------------
--  DDL for Index SAUVEGUARDE_TABLE_PK
--------------------------------------------------------

  CREATE UNIQUE INDEX "DB_ETL"."SAUVEGUARDE_TABLE_PK" ON "DB_ETL"."SAUVEGUARDE_TABLE" ("ID_SAUVEGUARDE_TABLE") 
  PCTFREE 10 INITRANS 2 MAXTRANS 255 COMPUTE STATISTICS 
  STORAGE(INITIAL 65536 NEXT 1048576 MINEXTENTS 1 MAXEXTENTS 2147483645
  PCTINCREASE 0 FREELISTS 1 FREELIST GROUPS 1 BUFFER_POOL DEFAULT)
  TABLESPACE "USERS" ;
--------------------------------------------------------
--  DDL for Index CONFIGURATION_PK
--------------------------------------------------------

  CREATE UNIQUE INDEX "DB_ETL"."CONFIGURATION_PK" ON "DB_ETL"."CONFIGURATION" ("ID_CONFIGURATION") 
  PCTFREE 10 INITRANS 2 MAXTRANS 255 COMPUTE STATISTICS 
  STORAGE(INITIAL 65536 NEXT 1048576 MINEXTENTS 1 MAXEXTENTS 2147483645
  PCTINCREASE 0 FREELISTS 1 FREELIST GROUPS 1 BUFFER_POOL DEFAULT)
  TABLESPACE "USERS" ;
--------------------------------------------------------
--  DDL for Index FICHIER_PK
--------------------------------------------------------

  CREATE UNIQUE INDEX "DB_ETL"."FICHIER_PK" ON "DB_ETL"."FICHIER" ("ID_FICHIER") 
  PCTFREE 10 INITRANS 2 MAXTRANS 255 COMPUTE STATISTICS 
  STORAGE(INITIAL 65536 NEXT 1048576 MINEXTENTS 1 MAXEXTENTS 2147483645
  PCTINCREASE 0 FREELISTS 1 FREELIST GROUPS 1 BUFFER_POOL DEFAULT)
  TABLESPACE "USERS" ;
--------------------------------------------------------
--  DDL for Index CONNEXION_BD_PK
--------------------------------------------------------

  CREATE UNIQUE INDEX "DB_ETL"."CONNEXION_BD_PK" ON "DB_ETL"."CONNEXION_BD" ("ID_CONNEXION_BD") 
  PCTFREE 10 INITRANS 2 MAXTRANS 255 COMPUTE STATISTICS 
  STORAGE(INITIAL 65536 NEXT 1048576 MINEXTENTS 1 MAXEXTENTS 2147483645
  PCTINCREASE 0 FREELISTS 1 FREELIST GROUPS 1 BUFFER_POOL DEFAULT)
  TABLESPACE "USERS" ;
--------------------------------------------------------
--  DDL for Index COLONNE_PK
--------------------------------------------------------

  CREATE UNIQUE INDEX "DB_ETL"."COLONNE_PK" ON "DB_ETL"."COLONNE" ("ID_COLONNE") 
  PCTFREE 10 INITRANS 2 MAXTRANS 255 COMPUTE STATISTICS 
  STORAGE(INITIAL 65536 NEXT 1048576 MINEXTENTS 1 MAXEXTENTS 2147483645
  PCTINCREASE 0 FREELISTS 1 FREELIST GROUPS 1 BUFFER_POOL DEFAULT)
  TABLESPACE "USERS" ;
--------------------------------------------------------
--  DDL for Index TABLE_PK
--------------------------------------------------------

  CREATE UNIQUE INDEX "DB_ETL"."TABLE_PK" ON "DB_ETL"."TABLE_BD" ("ID_TABLE") 
  PCTFREE 10 INITRANS 2 MAXTRANS 255 COMPUTE STATISTICS 
  STORAGE(INITIAL 65536 NEXT 1048576 MINEXTENTS 1 MAXEXTENTS 2147483645
  PCTINCREASE 0 FREELISTS 1 FREELIST GROUPS 1 BUFFER_POOL DEFAULT)
  TABLESPACE "USERS" ;
--------------------------------------------------------
--  Constraints for Table PARAMETRE_APPLICATION
--------------------------------------------------------

  ALTER TABLE "DB_ETL"."PARAMETRE_APPLICATION" ADD CONSTRAINT "PARAMETRE_APPLICATION_PK" PRIMARY KEY ("ID_PARAMETRE_APPLICATION")
  USING INDEX PCTFREE 10 INITRANS 2 MAXTRANS 255 COMPUTE STATISTICS 
  STORAGE(INITIAL 65536 NEXT 1048576 MINEXTENTS 1 MAXEXTENTS 2147483645
  PCTINCREASE 0 FREELISTS 1 FREELIST GROUPS 1 BUFFER_POOL DEFAULT)
  TABLESPACE "USERS"  ENABLE;
 
  ALTER TABLE "DB_ETL"."PARAMETRE_APPLICATION" MODIFY ("ID_PARAMETRE_APPLICATION" NOT NULL ENABLE);
--------------------------------------------------------
--  Constraints for Table UTILISATEUR_DROIT
--------------------------------------------------------

  ALTER TABLE "DB_ETL"."UTILISATEUR_DROIT" MODIFY ("UTILISATEUR_ID_UTILISATEUR" NOT NULL ENABLE);
 
  ALTER TABLE "DB_ETL"."UTILISATEUR_DROIT" MODIFY ("DROITS_ID_DROITS" NOT NULL ENABLE);
 
  ALTER TABLE "DB_ETL"."UTILISATEUR_DROIT" ADD CONSTRAINT "UTILISATEUR_DROIT_PK" PRIMARY KEY ("UTILISATEUR_ID_UTILISATEUR", "DROITS_ID_DROITS")
  USING INDEX PCTFREE 10 INITRANS 2 MAXTRANS 255 COMPUTE STATISTICS 
  STORAGE(INITIAL 65536 NEXT 1048576 MINEXTENTS 1 MAXEXTENTS 2147483645
  PCTINCREASE 0 FREELISTS 1 FREELIST GROUPS 1 BUFFER_POOL DEFAULT)
  TABLESPACE "USERS"  ENABLE;
--------------------------------------------------------
--  Constraints for Table COLONNE
--------------------------------------------------------

  ALTER TABLE "DB_ETL"."COLONNE" ADD CONSTRAINT "COLONNE_PK" PRIMARY KEY ("ID_COLONNE")
  USING INDEX PCTFREE 10 INITRANS 2 MAXTRANS 255 COMPUTE STATISTICS 
  STORAGE(INITIAL 65536 NEXT 1048576 MINEXTENTS 1 MAXEXTENTS 2147483645
  PCTINCREASE 0 FREELISTS 1 FREELIST GROUPS 1 BUFFER_POOL DEFAULT)
  TABLESPACE "USERS"  ENABLE;
 
  ALTER TABLE "DB_ETL"."COLONNE" MODIFY ("ID_COLONNE" NOT NULL ENABLE);
 
  ALTER TABLE "DB_ETL"."COLONNE" MODIFY ("ID_STRUCTURE_DONNEES" NOT NULL ENABLE);
--------------------------------------------------------
--  Constraints for Table CONNEXION_BD
--------------------------------------------------------

  ALTER TABLE "DB_ETL"."CONNEXION_BD" ADD CONSTRAINT "CONNEXION_BD_PK" PRIMARY KEY ("ID_CONNEXION_BD")
  USING INDEX PCTFREE 10 INITRANS 2 MAXTRANS 255 COMPUTE STATISTICS 
  STORAGE(INITIAL 65536 NEXT 1048576 MINEXTENTS 1 MAXEXTENTS 2147483645
  PCTINCREASE 0 FREELISTS 1 FREELIST GROUPS 1 BUFFER_POOL DEFAULT)
  TABLESPACE "USERS"  ENABLE;
 
  ALTER TABLE "DB_ETL"."CONNEXION_BD" MODIFY ("ID_CONNEXION_BD" NOT NULL ENABLE);
--------------------------------------------------------
--  Constraints for Table SGBD
--------------------------------------------------------

  ALTER TABLE "DB_ETL"."SGBD" ADD CONSTRAINT "SGBD_PK" PRIMARY KEY ("ID_SGBD")
  USING INDEX PCTFREE 10 INITRANS 2 MAXTRANS 255 COMPUTE STATISTICS 
  STORAGE(INITIAL 65536 NEXT 1048576 MINEXTENTS 1 MAXEXTENTS 2147483645
  PCTINCREASE 0 FREELISTS 1 FREELIST GROUPS 1 BUFFER_POOL DEFAULT)
  TABLESPACE "USERS"  ENABLE;
 
  ALTER TABLE "DB_ETL"."SGBD" MODIFY ("ID_SGBD" NOT NULL ENABLE);
--------------------------------------------------------
--  Constraints for Table FICHIER
--------------------------------------------------------

  ALTER TABLE "DB_ETL"."FICHIER" ADD CONSTRAINT "FICHIER_PK" PRIMARY KEY ("ID_FICHIER")
  USING INDEX PCTFREE 10 INITRANS 2 MAXTRANS 255 COMPUTE STATISTICS 
  STORAGE(INITIAL 65536 NEXT 1048576 MINEXTENTS 1 MAXEXTENTS 2147483645
  PCTINCREASE 0 FREELISTS 1 FREELIST GROUPS 1 BUFFER_POOL DEFAULT)
  TABLESPACE "USERS"  ENABLE;
 
  ALTER TABLE "DB_ETL"."FICHIER" MODIFY ("ID_FICHIER" NOT NULL ENABLE);
--------------------------------------------------------
--  Constraints for Table PARAMETRES
--------------------------------------------------------

  ALTER TABLE "DB_ETL"."PARAMETRES" ADD CONSTRAINT "PARAMETRES_PK" PRIMARY KEY ("ID")
  USING INDEX PCTFREE 10 INITRANS 2 MAXTRANS 255 COMPUTE STATISTICS 
  STORAGE(INITIAL 65536 NEXT 1048576 MINEXTENTS 1 MAXEXTENTS 2147483645
  PCTINCREASE 0 FREELISTS 1 FREELIST GROUPS 1 BUFFER_POOL DEFAULT)
  TABLESPACE "USERS"  ENABLE;
 
  ALTER TABLE "DB_ETL"."PARAMETRES" MODIFY ("ID" NOT NULL ENABLE);
--------------------------------------------------------
--  Constraints for Table ERREUR
--------------------------------------------------------

  ALTER TABLE "DB_ETL"."ERREUR" ADD CONSTRAINT "ERREUR_PK" PRIMARY KEY ("ID_ERREUR")
  USING INDEX PCTFREE 10 INITRANS 2 MAXTRANS 255 COMPUTE STATISTICS 
  STORAGE(INITIAL 65536 NEXT 1048576 MINEXTENTS 1 MAXEXTENTS 2147483645
  PCTINCREASE 0 FREELISTS 1 FREELIST GROUPS 1 BUFFER_POOL DEFAULT)
  TABLESPACE "USERS"  ENABLE;
 
  ALTER TABLE "DB_ETL"."ERREUR" MODIFY ("ID_ERREUR" NOT NULL ENABLE);
 
  ALTER TABLE "DB_ETL"."ERREUR" MODIFY ("ID_FICHIER" NOT NULL ENABLE);
--------------------------------------------------------
--  Constraints for Table TABLE_BD
--------------------------------------------------------

  ALTER TABLE "DB_ETL"."TABLE_BD" MODIFY ("ID_TABLE" NOT NULL ENABLE);
 
  ALTER TABLE "DB_ETL"."TABLE_BD" MODIFY ("ID_CONNEXION_BD" NOT NULL ENABLE);
 
  ALTER TABLE "DB_ETL"."TABLE_BD" MODIFY ("ID_STRUCTURE_DONNEES" NOT NULL ENABLE);
 
  ALTER TABLE "DB_ETL"."TABLE_BD" ADD CONSTRAINT "TABLE_PK" PRIMARY KEY ("ID_TABLE")
  USING INDEX PCTFREE 10 INITRANS 2 MAXTRANS 255 COMPUTE STATISTICS 
  STORAGE(INITIAL 65536 NEXT 1048576 MINEXTENTS 1 MAXEXTENTS 2147483645
  PCTINCREASE 0 FREELISTS 1 FREELIST GROUPS 1 BUFFER_POOL DEFAULT)
  TABLESPACE "USERS"  ENABLE;
--------------------------------------------------------
--  Constraints for Table CONFIGURATION
--------------------------------------------------------

  ALTER TABLE "DB_ETL"."CONFIGURATION" ADD CONSTRAINT "CONFIGURATION_PK" PRIMARY KEY ("ID_CONFIGURATION")
  USING INDEX PCTFREE 10 INITRANS 2 MAXTRANS 255 COMPUTE STATISTICS 
  STORAGE(INITIAL 65536 NEXT 1048576 MINEXTENTS 1 MAXEXTENTS 2147483645
  PCTINCREASE 0 FREELISTS 1 FREELIST GROUPS 1 BUFFER_POOL DEFAULT)
  TABLESPACE "USERS"  ENABLE;
 
  ALTER TABLE "DB_ETL"."CONFIGURATION" MODIFY ("ID_CONFIGURATION" NOT NULL ENABLE);
--------------------------------------------------------
--  Constraints for Table DROIT_UTILISATEUR_SYSTEME
--------------------------------------------------------

  ALTER TABLE "DB_ETL"."DROIT_UTILISATEUR_SYSTEME" ADD CONSTRAINT "DROIT_UTILISATEUR_SYSTEME_PK" PRIMARY KEY ("ID_DROIT_UTILSATEUR", "ID_DROIT_SYSTEME")
  USING INDEX PCTFREE 10 INITRANS 2 MAXTRANS 255 COMPUTE STATISTICS 
  STORAGE(INITIAL 65536 NEXT 1048576 MINEXTENTS 1 MAXEXTENTS 2147483645
  PCTINCREASE 0 FREELISTS 1 FREELIST GROUPS 1 BUFFER_POOL DEFAULT)
  TABLESPACE "USERS"  ENABLE;
 
  ALTER TABLE "DB_ETL"."DROIT_UTILISATEUR_SYSTEME" MODIFY ("ID_DROIT_UTILSATEUR" NOT NULL ENABLE);
 
  ALTER TABLE "DB_ETL"."DROIT_UTILISATEUR_SYSTEME" MODIFY ("ID_DROIT_SYSTEME" NOT NULL ENABLE);
--------------------------------------------------------
--  Constraints for Table SAUVEGUARDE_TABLE
--------------------------------------------------------

  ALTER TABLE "DB_ETL"."SAUVEGUARDE_TABLE" ADD CONSTRAINT "SAUVEGUARDE_TABLE_PK" PRIMARY KEY ("ID_SAUVEGUARDE_TABLE")
  USING INDEX PCTFREE 10 INITRANS 2 MAXTRANS 255 COMPUTE STATISTICS 
  STORAGE(INITIAL 65536 NEXT 1048576 MINEXTENTS 1 MAXEXTENTS 2147483645
  PCTINCREASE 0 FREELISTS 1 FREELIST GROUPS 1 BUFFER_POOL DEFAULT)
  TABLESPACE "USERS"  ENABLE;
 
  ALTER TABLE "DB_ETL"."SAUVEGUARDE_TABLE" MODIFY ("ID_SAUVEGUARDE_TABLE" NOT NULL ENABLE);
 
  ALTER TABLE "DB_ETL"."SAUVEGUARDE_TABLE" MODIFY ("ID_TABLE" NOT NULL ENABLE);
--------------------------------------------------------
--  Constraints for Table UTILISATEUR
--------------------------------------------------------

  ALTER TABLE "DB_ETL"."UTILISATEUR" MODIFY ("ID_UTILISATEUR" NOT NULL ENABLE);
 
  ALTER TABLE "DB_ETL"."UTILISATEUR" ADD CONSTRAINT "UTILISATEUR_PK" PRIMARY KEY ("ID_UTILISATEUR")
  USING INDEX PCTFREE 10 INITRANS 2 MAXTRANS 255 COMPUTE STATISTICS 
  STORAGE(INITIAL 65536 NEXT 1048576 MINEXTENTS 1 MAXEXTENTS 2147483645
  PCTINCREASE 0 FREELISTS 1 FREELIST GROUPS 1 BUFFER_POOL DEFAULT)
  TABLESPACE "USERS"  ENABLE;
--------------------------------------------------------
--  Constraints for Table CONNEXION_FTP
--------------------------------------------------------

  ALTER TABLE "DB_ETL"."CONNEXION_FTP" ADD CONSTRAINT "CONNEXION_FTP_PK" PRIMARY KEY ("ID")
  USING INDEX PCTFREE 10 INITRANS 2 MAXTRANS 255 COMPUTE STATISTICS 
  STORAGE(INITIAL 65536 NEXT 1048576 MINEXTENTS 1 MAXEXTENTS 2147483645
  PCTINCREASE 0 FREELISTS 1 FREELIST GROUPS 1 BUFFER_POOL DEFAULT)
  TABLESPACE "USERS"  ENABLE;
 
  ALTER TABLE "DB_ETL"."CONNEXION_FTP" MODIFY ("ID" NOT NULL ENABLE);
--------------------------------------------------------
--  Constraints for Table SELECTION_PAR_INTERVALLE
--------------------------------------------------------

  ALTER TABLE "DB_ETL"."SELECTION_PAR_INTERVALLE" ADD CONSTRAINT "SELECTION_PAR_INTERVALLE_PK" PRIMARY KEY ("ID_SELECTION")
  USING INDEX PCTFREE 10 INITRANS 2 MAXTRANS 255 COMPUTE STATISTICS 
  STORAGE(INITIAL 65536 NEXT 1048576 MINEXTENTS 1 MAXEXTENTS 2147483645
  PCTINCREASE 0 FREELISTS 1 FREELIST GROUPS 1 BUFFER_POOL DEFAULT)
  TABLESPACE "USERS"  ENABLE;
 
  ALTER TABLE "DB_ETL"."SELECTION_PAR_INTERVALLE" MODIFY ("ID_SELECTION" NOT NULL ENABLE);
--------------------------------------------------------
--  Constraints for Table STRUCTURE_DONNEES
--------------------------------------------------------

  ALTER TABLE "DB_ETL"."STRUCTURE_DONNEES" ADD CONSTRAINT "STRUCTURE_DONNEES_PK" PRIMARY KEY ("ID_STRUCTURE_DONNEES")
  USING INDEX PCTFREE 10 INITRANS 2 MAXTRANS 255 COMPUTE STATISTICS 
  STORAGE(INITIAL 65536 NEXT 1048576 MINEXTENTS 1 MAXEXTENTS 2147483645
  PCTINCREASE 0 FREELISTS 1 FREELIST GROUPS 1 BUFFER_POOL DEFAULT)
  TABLESPACE "USERS"  ENABLE;
 
  ALTER TABLE "DB_ETL"."STRUCTURE_DONNEES" MODIFY ("ID_STRUCTURE_DONNEES" NOT NULL ENABLE);
--------------------------------------------------------
--  Constraints for Table DROIT_SYSTEME
--------------------------------------------------------

  ALTER TABLE "DB_ETL"."DROIT_SYSTEME" ADD CONSTRAINT "DROIT_SYSTEME_PK" PRIMARY KEY ("ID_DROIT_SYSTEME")
  USING INDEX PCTFREE 10 INITRANS 2 MAXTRANS 255 COMPUTE STATISTICS 
  STORAGE(INITIAL 65536 NEXT 1048576 MINEXTENTS 1 MAXEXTENTS 2147483645
  PCTINCREASE 0 FREELISTS 1 FREELIST GROUPS 1 BUFFER_POOL DEFAULT)
  TABLESPACE "USERS"  ENABLE;
 
  ALTER TABLE "DB_ETL"."DROIT_SYSTEME" MODIFY ("ID_DROIT_SYSTEME" NOT NULL ENABLE);
--------------------------------------------------------
--  Constraints for Table POLITIQUE_SUBSTITUSION
--------------------------------------------------------

  ALTER TABLE "DB_ETL"."POLITIQUE_SUBSTITUSION" ADD CONSTRAINT "POLITIQUE_SUBSTITUSION_PK" PRIMARY KEY ("ID_POLITIQUE_SUBSTITUSION")
  USING INDEX PCTFREE 10 INITRANS 2 MAXTRANS 255 COMPUTE STATISTICS 
  STORAGE(INITIAL 65536 NEXT 1048576 MINEXTENTS 1 MAXEXTENTS 2147483645
  PCTINCREASE 0 FREELISTS 1 FREELIST GROUPS 1 BUFFER_POOL DEFAULT)
  TABLESPACE "USERS"  ENABLE;
 
  ALTER TABLE "DB_ETL"."POLITIQUE_SUBSTITUSION" MODIFY ("ID_POLITIQUE_SUBSTITUSION" NOT NULL ENABLE);
--------------------------------------------------------
--  Constraints for Table CORRECTION
--------------------------------------------------------

  ALTER TABLE "DB_ETL"."CORRECTION" ADD CONSTRAINT "CORRECTION_PK" PRIMARY KEY ("ID_CORRECTION")
  USING INDEX PCTFREE 10 INITRANS 2 MAXTRANS 255 COMPUTE STATISTICS 
  STORAGE(INITIAL 65536 NEXT 1048576 MINEXTENTS 1 MAXEXTENTS 2147483645
  PCTINCREASE 0 FREELISTS 1 FREELIST GROUPS 1 BUFFER_POOL DEFAULT)
  TABLESPACE "USERS"  ENABLE;
 
  ALTER TABLE "DB_ETL"."CORRECTION" MODIFY ("ID_CORRECTION" NOT NULL ENABLE);
--------------------------------------------------------
--  Constraints for Table DROIT_UTILISATEUR
--------------------------------------------------------

  ALTER TABLE "DB_ETL"."DROIT_UTILISATEUR" ADD CONSTRAINT "DROIT_UTILISATEUR_PK" PRIMARY KEY ("ID_DROIT_UTILISATEUR")
  USING INDEX PCTFREE 10 INITRANS 2 MAXTRANS 255 COMPUTE STATISTICS 
  STORAGE(INITIAL 65536 NEXT 1048576 MINEXTENTS 1 MAXEXTENTS 2147483645
  PCTINCREASE 0 FREELISTS 1 FREELIST GROUPS 1 BUFFER_POOL DEFAULT)
  TABLESPACE "USERS"  ENABLE;
 
  ALTER TABLE "DB_ETL"."DROIT_UTILISATEUR" MODIFY ("ID_DROIT_UTILISATEUR" NOT NULL ENABLE);
--------------------------------------------------------
--  Ref Constraints for Table COLONNE
--------------------------------------------------------

  ALTER TABLE "DB_ETL"."COLONNE" ADD CONSTRAINT "COLONNE_COLONNE_FK" FOREIGN KEY ("ID_COLONNE_REFRENCE")
	  REFERENCES "DB_ETL"."COLONNE" ("ID_COLONNE") ENABLE;
 
  ALTER TABLE "DB_ETL"."COLONNE" ADD CONSTRAINT "COLONNE_POL_SUBS_FK" FOREIGN KEY ("ID_POL_SUBSTITUSION")
	  REFERENCES "DB_ETL"."POLITIQUE_SUBSTITUSION" ("ID_POLITIQUE_SUBSTITUSION") ON DELETE CASCADE ENABLE;
 
  ALTER TABLE "DB_ETL"."COLONNE" ADD CONSTRAINT "COLONNE_STRUCTURE_DONNEES_FK" FOREIGN KEY ("ID_STRUCTURE_DONNEES")
	  REFERENCES "DB_ETL"."STRUCTURE_DONNEES" ("ID_STRUCTURE_DONNEES") ENABLE;

--------------------------------------------------------
--  Ref Constraints for Table CONNEXION_BD
--------------------------------------------------------

  ALTER TABLE "DB_ETL"."CONNEXION_BD" ADD CONSTRAINT "CONNEXION_BD_SGBD_FK1" FOREIGN KEY ("ID_SGBD")
	  REFERENCES "DB_ETL"."SGBD" ("ID_SGBD") ENABLE;




--------------------------------------------------------
--  Ref Constraints for Table DROIT_UTILISATEUR_SYSTEME
--------------------------------------------------------

  ALTER TABLE "DB_ETL"."DROIT_UTILISATEUR_SYSTEME" ADD CONSTRAINT "DROIT_UTILISATEUR_SYSTEME_FK1" FOREIGN KEY ("ID_DROIT_SYSTEME")
	  REFERENCES "DB_ETL"."DROIT_SYSTEME" ("ID_DROIT_SYSTEME") ENABLE;
 
  ALTER TABLE "DB_ETL"."DROIT_UTILISATEUR_SYSTEME" ADD CONSTRAINT "DROIT_UTILISATEUR_SYSTEME_FK2" FOREIGN KEY ("ID_DROIT_UTILSATEUR")
	  REFERENCES "DB_ETL"."DROIT_UTILISATEUR" ("ID_DROIT_UTILISATEUR") ENABLE;
--------------------------------------------------------
--  Ref Constraints for Table ERREUR
--------------------------------------------------------

  ALTER TABLE "DB_ETL"."ERREUR" ADD CONSTRAINT "ERREUR_CORRECTION_FK" FOREIGN KEY ("ID_CORRECTION")
	  REFERENCES "DB_ETL"."CORRECTION" ("ID_CORRECTION") ENABLE;
 
  ALTER TABLE "DB_ETL"."ERREUR" ADD CONSTRAINT "ERREUR_FICHIER_FK" FOREIGN KEY ("ID_FICHIER")
	  REFERENCES "DB_ETL"."FICHIER" ("ID_FICHIER") ENABLE;




--------------------------------------------------------
--  Ref Constraints for Table SAUVEGUARDE_TABLE
--------------------------------------------------------

  ALTER TABLE "DB_ETL"."SAUVEGUARDE_TABLE" ADD CONSTRAINT "SAUVEGUARDE_TABLE_DB_FK" FOREIGN KEY ("ID_TABLE")
	  REFERENCES "DB_ETL"."TABLE_BD" ("ID_TABLE") ENABLE;
--------------------------------------------------------
--  Ref Constraints for Table SELECTION_PAR_INTERVALLE
--------------------------------------------------------

  ALTER TABLE "DB_ETL"."SELECTION_PAR_INTERVALLE" ADD CONSTRAINT "SELECTION_PAR_INTERVALLE__FK1" FOREIGN KEY ("ID_CONFIGURATION")
	  REFERENCES "DB_ETL"."CONFIGURATION" ("ID_CONFIGURATION") ENABLE;


--------------------------------------------------------
--  Ref Constraints for Table TABLE_BD
--------------------------------------------------------

  ALTER TABLE "DB_ETL"."TABLE_BD" ADD CONSTRAINT "TABLE_BD_CONNEXION_BD_FK1" FOREIGN KEY ("ID_CONNEXION_BD")
	  REFERENCES "DB_ETL"."CONNEXION_BD" ("ID_CONNEXION_BD") ENABLE;
 
  ALTER TABLE "DB_ETL"."TABLE_BD" ADD CONSTRAINT "TABLE_DB_STRUCT_DONNEES_FK" FOREIGN KEY ("ID_STRUCTURE_DONNEES")
	  REFERENCES "DB_ETL"."STRUCTURE_DONNEES" ("ID_STRUCTURE_DONNEES") ENABLE;

--------------------------------------------------------
--  Ref Constraints for Table UTILISATEUR_DROIT
--------------------------------------------------------

  ALTER TABLE "DB_ETL"."UTILISATEUR_DROIT" ADD CONSTRAINT "UTILISATEUR_DROIT_DROIT_U_FK1" FOREIGN KEY ("DROITS_ID_DROITS")
	  REFERENCES "DB_ETL"."DROIT_UTILISATEUR" ("ID_DROIT_UTILISATEUR") ENABLE;
 
  ALTER TABLE "DB_ETL"."UTILISATEUR_DROIT" ADD CONSTRAINT "UTILISATEUR_DROIT_UTILISA_FK1" FOREIGN KEY ("UTILISATEUR_ID_UTILISATEUR")
	  REFERENCES "DB_ETL"."UTILISATEUR" ("ID_UTILISATEUR") ENABLE;
--------------------------------------------------------
--  DDL for Trigger CONNEXIONBD_PK_TRG
--------------------------------------------------------

  CREATE OR REPLACE TRIGGER "DB_ETL"."CONNEXIONBD_PK_TRG" 
  BEFORE INSERT ON connexion_bd FOR EACH ROW
BEGIN 
    IF :NEW.id_connexion_bd IS NULL THEN
      SELECT connexionbd_id_seq.NEXTVAL INTO :NEW.id_connexion_bd FROM DUAL;
    END IF;
END;
/
ALTER TRIGGER "DB_ETL"."CONNEXIONBD_PK_TRG" ENABLE;
--------------------------------------------------------
--  DDL for Trigger FKNTO_COLONNE
--------------------------------------------------------

  CREATE OR REPLACE TRIGGER "DB_ETL"."FKNTO_COLONNE" 
BEFORE UPDATE OF id_pol_substitusion 
ON colonne 
FOR EACH ROW 
BEGIN 
 IF :old.id_pol_substitusion IS NOT NULL THEN 
  raise_application_error(-20225,'Non Transferable FK constraint colonne_pol_subs_FK on table colonne is violated'); 
 END IF; 
END; 
/
ALTER TRIGGER "DB_ETL"."FKNTO_COLONNE" ENABLE;
